1			462325362126
1	1	567504992587
1	À	147404
1	ø	55544
1	a	139624390547
1	[	207130050
1	◦	155136
1	¶	72732
1	R	2639423123
1	¸	59872
1	ủ	29424
1	d	66623227475
1	T	6974018893
1	v	18371848167
1	g	32008547562
1	С	295188
1	ш	12973
1	m	42411113743
1	K	670567203
1	€	1040921
1	ö	2558053
1	г	76209
1	е	219563
1	ξ	14012
1	o	135352605815
1	w	27767259481
1	^	62711880
1	в	426011
1		23471
1	➔	16408
1	#	13405701
1	ψ	17956
1	ă	14854
1	"	4430963121
1	z	1596430382
1	и	519826
1	6	327794749273
1	ä	3606095
1	÷	16941
1	;	1875294566
1	k	9250967951
1	→	185097
1	σ	69502
1	ь	13031
1	3	438397703914
1	Y	748079453
1	─	13788
1	,	28144192498
1	4	416003964288
1	L	2235474343
1	é	40967031
1	ó	4041190
1	È	53587
1	h	87904927044
1	c	56084258318
1	æ	191682
1	¹	52358
1	Œ	52251
1		44864
1	•	136766713
1	·	554151
1	⁵	18224
1	⁹	13290
1	G	1853317888
1	%	136321095
1	°	45960558
1	‡	110521
1	u	48281518203
1	ª	118903
1		80702
1	х	19941
1	9	419220904524
1	H	2860750845
1	W	2325593271
1	¤	284153
1	О	161460
1	²	45732
1	ω	43878
1	⋆	27885
1	?	680499816
1	«	19170777
1	©	11027577
1	®	3923661
1	ú	1116729
1	œ	285945
1	f	40887406395
1	-	6139157826
1	¼	156503
1	û	306486
1	Ω	39476
1	Ø	15217
1	√	254645
1	ô	940265
1	▪	25472
1	±	3923798
1	¿	723040
1	å	880844
1	И	39597
1	з	58011
1	П	38359
1	м	54976
1	I	6232500188
1	□	2968952
1	ç	1570147
1	о	662197
1	É	449463
1	η	30362
1	=	66192045
1	î	630363
1	&	146107385
1	+	43472493
1	►	1742081
1	κ	19204
1	Φ	14796
1	7	368997220192
1		201263
1	Ü	224794
1	Г	44321
1	б	30437
1	№	16020
1	ü	5803727
1	í	3976339
1	➤	68143
1	Σ	36327
1	ờ	13048
1	ì	137292
1		50574
1	∈	21857
1	y	29191684586
1	½	155677
1	)	2982578981
1	B	2787319311
1		58506
1	ż	39840
1	Δ	27578
1	Ö	48389
1	§	38030600
1	μ	503497
1	н	204380
1	ę	99529
1	τ	53327
1	∂	39778
1	™	3136081
1	●	799687
1	✦	52456
1	р	51913
1	Ó	16949
1	.	26005379486
1	¨	588642
1	e	221664429260
1	★	283881
1	с	337410
1	≠	32383
1	ж	66632
1	Γ	18238
1	P	3051204522
1	ε	59514
1	⎯	30480
1	▶	21471
1	'	3635629545
1	/	325986552
1	á	3144901
1	я	132638
1	Å	40351
1	Ш	22788
1	¡	801505
1	π	69323
1	➝	12857
1	M	3302139658
1	γ	99769
1	λ	75269
1	д	80036
1	\	22451995
1	`	1403024
1		123261
1	∞	81817
1	˙	33336
1	Ô	18881
1	E	3029542488
1	_	1264180697
1	â	703940
1	т	208074
1	Æ	14153
1	t	159611175189
1	$	142374466
1	♦	3272623
1	○	632043
1	А	37055
1	Á	16612
1	N	2435708265
1	C	4520739045
1	ρ	41319
1	³	38262
1	¬	29584
1	ф	14609
1	p	35933434310
1		120621
1	К	77581
1		67700
1	ê	3298790
1	В	300360
1	❖	35458
1	ń	34190
1	ë	124372
1	∫	19193
1	Д	14823
1	2	577334716022
1	j	1721683143
1	Z	110549943
1	ï	116655
1		51600
1	у	44964
1	l	71471441573
1	ò	291296
1	У	23353
1	￼	19718
1	ı	13898
1	X	189906038
1	▼	108554
1	Â	32874
1	Ä	48925
1	ł	32512
1	❏	15661
1	Л	70408
1	˛	14035
1	:	1670432547
1	D	2286572620
1	@	2210173
1	¥	1000120
1	α	377783
1	θ	88484
1	⁸	14062
1	♥	14012
1	!	262974596
1	V	795074740
1	|	18266315
1	{	10088476
1	➪	206037
1	˘	24617
1	x	4071046208
1	£	32100278
1	а	264315
1		55914
1	⚫	19892
1	5	382436609024
1	b	24153185147
1	]	209021141
1	»	21896060
1	ñ	1800340
1	Я	20068
1	χ	14099
1	ộ	13017
1	*	188710777
1	>	30105564
1	~	11762743
1	❑	48949
1	Π	21023
1	⁶	16414
1	O	2071880146
1	■	18751069
1	к	178384
1	φ	52545
1	è	8756747
1	▲	109781
1	à	12067014
1	ù	1241286
1	ş	115615
1	✓	49368
1	‰	24161
1	⁷	15272
1	J	1357608848
1	Q	160334903
1	<	19035127
1	˚	40206
1	➢	27464
1	đ	13017
1	U	1036184397
1	≤	60991
1		52342
1	n	127881820874
1	s	113967105373
1	F	2296337774
1	ß	1959003
1	º	80345
1	¢	215765
1	ã	446795
1	İ	14767
1	Т	14558
1	8	377550249739
1	r	110886164892
1	A	5455634708
1	≥	75126
1	ч	57737
1	⇒	26349
1	↑	15827
1	ư	13048
1	S	5214343252
1	q	2040525738
1	}	6118542
1	×	549776
1	β	317777
1	δ	52030
1	⁴	20078
1	ν	18221
1	(	2952932518
1	†	119354
1	≈	108662
1	◆	58280
1	п	103963
1	‖	37853
1	л	144145
1	¾	25995
1	ą	20534
1	0	308536547853
1	i	130234657110
1	¯	468480
2	g		10906041023
2	PT	45272930
2	@X	15867
2	I_	5835584
2	2r	91288
2	Pk	144211
2	9S	362881
2	r2	557533
2	oû	144754
2	ZV	47840
2	zz	40924044
2	3-	73771465
2	ól	198189
2	F7	110933
2	É		29574
2	áv	25583
2	.A	22683576
2	Ds	2536169
2	XE	3383090
2	'7	1618832
2	VM	1293423
2	⎯		30480
2	uf	264881423
2	9.	37370557
2	oA	1036515
2	Um	3390009
2	■_	268503
2	h6	43636
2	ho	6378728842
2	HA	70504810
2	TJ	711508
2	mœ	18713
2	H.	90964974
2	tí	419552
2	го	19237
2	⁵		18224
2	ет	14092
2	92	22482238776
2	ly	5998406117
2	ys	1368957980
2	2-	70191459
2	ül	202587
2	TP	9252622
2	xv	13219798
2	hD	1783950
2	ZR	71484
2	mú	71618
2	dW	65294
2	0y	35105
2	mè	236256
2	ør	40829
2	Aa	4443899
2	sé	2083531
2	x4	249253
2	Db	75854
2	G6	168128
2	bx	62269
2	Zd	74795
2	ær	67299
2	Sä	36811
2	05	31045416992
2	n.	66734320
2	Sl	33282101
2	:)	489117
2	IU	2934730
2	ı		13898
2	4		1081163314
2	cz	2778665
2	7S	258215
2	's	1551249524
2	mm	1353460024
2	gG	1067558
2	£_	94070
2	mD	27847
2	me	10829036070
2	.Y	5733810
2	PL	28702842
2	bé	204224
2	8D	35787
2	lá	97268
2	Qe	31748
2	UM	16389716
2	SY	7296925
2	jf	225870
2	II	221260384
2	kf	23024910
2	3g	54128
2	qx	29415
2	nZ	24828
2	ib	1366277644
2	bk	946526
2	fF	131267
2	0.	179206195
2	Nk	603738
2	oí	48987
2	0e	105801
2	Ω		39476
2	'0	1260114
2	ú		158760
2	G5	82311
2	XA	3971074
2	jó	21458
2	JS	1518274
2	iN	229923
2	˚		40206
2	wt	89967386
2	KO	1147257
2	QH	25930
2	St	765192078
2	9,	3459497
2	vd	1917495
2	8A	293458
2	äd	43686
2	@		2165046
2	3b	1849209
2	Jp	258802
2	C7	204828
2	H1	244744
2	w0	64470
2	JJ	921161
2	sN	60775
2	al	14959100304
2	JU	5031500
2	Rx	203969
2	aZ	119923
2	lJ	74194
2	rk	1368219442
2	JV	790506
2	xn	857929
2	Gt	188416
2	E9	45102
2	.		23599690901
2	VI	74599861
2	cG	9986403
2	A0	301769
2	6J	97970
2	Jy	136974
2	'A	214342
2	Gx	29251
2	T!	22036
2	mB	34017
2	ow	4651470621
2	Gr	312328978
2	Pl	135524770
2	AS	60529631
2	†		119354
2	9l	682170
2	QJ	36233
2	TY	23150453
2	jy	400819
2	m>	22038
2	oë	41559
2	öß	93894
2	43	46684408195
2	2		1331508278
2	MH	3537847
2	i5	158325
2	9A	297420
2	lp	268006723
2	.D	22905944
2	GY	4670069
2	3T	221568
2	IY	99448
2	ci	3863310016
2	Nr	780290
2	åg	14597
2	ES	121106584
2	_1	88837
2	sa	2752930783
2	li	8555372568
2	«		18855848
2	IS	84779577
2	Gh	10218771
2	.3	92369815
2	HL	2869270
2	EJ	810937
2	Pv	783620
2	'u	1712652
2	˘		24617
2	bå	15584
2	ew	1641253537
2	Rs	8058016
2	mü	142877
2	kn	693979703
2	¡		801505
2	YM	2774761
2	gc	913022
2	nü	95033
2	4'	47636
2	zó	84640
2	3K	58013
2	o.	98993973
2	gd	40062927
2	bb	156793784
2	VC	3147507
2	zm	3245685
2	'6	1996314
2	0n	1287643
2	ą		20534
2	93	19612738850
2	Pf	2073667
2	ля	61413
2	9E	17120
2	LI	62640090
2	fw	2938041
2	j>	122664
2	mI	23980
2	Al	429953997
2	JW	576705
2	zw	2677995
2	Gs	588584
2	zk	936888
2	tC	121582
2	5X	41159
2	α1	15414
2	Ef	22655987
2	m2	2845845
2	Jd	38347
2	aú	73089
2	70	37256817243
2	f.	23525462
2	l6	1164008
2	iV	323168
2	qd	79926
2	.K	5477099
2	Kq	19167
2	9g	16900
2	in	32946672602
2	ND	100100232
2	5s	1483107
2	ác	130180
2	Kw	2068904
2	i7	110398
2	К		77581
2	9X	345744
2	't	3737210
2	HD	3646734
2	Ui	669224
2	Gf	64856
2	dj	66365095
2	Mc	55416731
2	'M	870605
2	kN	244689
2	1d	108439
2	2u	23565
2	hí	18938
2	4Q	17376
2	ok	895372484
2	1f	404623
2	3C	825532
2	Oq	37109
2	5L	23434
2	få	39723
2	aS	1209432
2	R7	55150
2	mK	43310
2	-d	20863
2	AT	123449989
2	AC	55916788
2	gb	6153646
2	j_	861379
2	Tp	148285
2	Lb	205229
2	n6	142691
2	ín	369851
2	0p	339127
2	X5	100206
2	bV	21689
2	Vo	76081135
2	f!	18209
2	Nd	642001
2	L5	183570
2	Lq	21941
2	-E	16172
2	©		10917745
2	cS	300831
2	yé	96901
2	xT	17574
2	B		105460476
2	aq	28040439
2	С		248949
2	Kp	138596
2	uT	57368
2	4.	74247922
2	aL	515602
2	L0	89045
2	Qv	19269
2	E.	93106400
2	mT	205725
2	GQ	47524
2	rJ	89995
2	rN	60232
2	MU	8478171
2	MX	485791
2	ZT	271885
2	fx	123181
2	CH	84423193
2	.O	6179650
2	4l	368967
2	7D	47131
2	MR	9661521
2	EZ	786196
2	kX	71489
2	∂		39778
2	iK	23567
2	75	16454561688
2	rw	180998339
2	U		36933292
2	pg	4529436
2	IH	1506729
2	xk	84359
2	z2	56389
2	1Z	24745
2	Dr	125478664
2	Cs	5728360
2	Sq	11153793
2	zv	2228686
2	bD	24548
2	a'	3167851
2	O_	2576885
2	P1	661604
2	ía	1547732
2	ld	3567252843
2	P5	206890
2	YY	131465
2	NX	180463
2	G2	401286
2	tD	207969
2	Ln	183879
2	3h	49381
2	yF	26095
2	kz	56299
2	o		15492585991
2	@s	29260
2	ег	19237
2	BD	2128455
2	8d	313943
2	wP	25563
2	22	59600658057
2	2m	1700144
2	2:	5768347
2	Sb	492475
2	p0	228397
2	b1	65937
2	8p	90984
2	h3	41228
2	my	797087554
2	y'	895102
2	ш		12973
2	hf	30876583
2	mr	11162341
2	jj	746966
2	xy	37647767
2	AM	42290815
2	.F	5202835
2	Ib	31703507
2	Hy	24745319
2	,3	5334732
2	æs	85522
2	íg	134983
2	vq	13833
2	KD	637027
2	8i	155064
2	44	46883783563
2	wH	262294
2	b0	73671
2	d		37114977493
2	w2	86935
2	⁶		16414
2	c'	1597939
2	tù	19662
2	ем	13089
2	yo	1727756668
2	ue	2091480636
2	RQ	380189
2	Fk	41634
2	pb	15263504
2	WA	20652191
2	Eb	3859310
2	6:	3093827
2	aí	233523
2	Hl	429921
2	v.	101598297
2	Kn	31371499
2	ét	5001327
2	CY	4807496
2	Ub	1365873
2	QF	118932
2	Nü	22075
2	β2	15502
2	'c	11138310
2	OD	26068247
2	FS	4634359
2	j8	70073
2	то	98807
2	CK	12433350
2	ás	896619
2	'H	1125891
2	vh	286653
2	Ff	89036
2	8n	835499
2	E8	46704
2	вр	13089
2	BB	4694331
2	Eh	2454343
2	Tn	612893
2	ZU	237656
2	u		1427938105
2	oq	15920787
2	'o	1403084
2	D8	256953
2	з		39546
2	p8	26448
2	gT	34299
2	nk	736110669
2	Oh	40549277
2	Q		16219549
2	2B	650329
2	(		2952932518
2	di	6656821938
2	BS	10682627
2	/w	405216
2	5l	330651
2	c!	39624
2	S1	975945
2	bq	99807
2	α_	31146
2	ZX	18584
2	JR	1610793
2	0f	853713
2	rT	126500
2	ae	180465586
2	C1	2193460
2	A6	240705
2	G1	167377
2	Jj	74261
2	Uj	311007
2	во	19882
2	β_	19574
2	vg	1045048
2	.Q	816169
2	LW	1043927
2	aB	562218
2	Hr	614113
2	pR	46141
2	Eg	33396148
2	'S	8314971
2	MN	3648142
2	KH	612881
2	uS	292215
2	бо	14154
2	fR	32155
2	rI	31867
2	Qz	13256
2	ot	6179749136
2	5i	174482
2	dM	82951
2	a8	34987
2	sB	16841
2	yp	356419194
2	6C	112461
2	GX	36372
2	pó	22133
2	hI	15836
2	Ea	151417964
2	Em	86353851
2	1_	90380092
2	Ei	27707657
2	T0	301913
2	'f	114081
2	dO	54121
2	0P	40175
2	lb	99908398
2	Z.	4410946
2	DI	48650922
2	1O	163531
2	0I	63863
2	Do	235215634
2	Mi	369301930
2	GB	2526098
2	nã	127228
2	ef	2269513205
2	On	333120330
2	u_	678366
2	X_	991512
2	5B	229175
2	Xj	136296
2	nS	460655
2	WK	263173
2	Kf	100973
2	ic	9879240791
2	LO	37009132
2	Od	8376334
2	l!	41958
2	JX	37544
2	lQ	20761
2	KV	366688
2	d8	14379
2	76	41342485319
2	UP	10604640
2	VR	1013754
2	Dj	728998
2	¶		72732
2	VX	47548
2	A3	1070735
2	KT	372016
2	ià	94109
2	.U	787007
2	h1	235426
2	iX	21271
2	mG	14937
2	02	38817147855
2	ah	194567094
2	GU	16218825
2	Bs	984795
2	rD	205063
2	Uv	208488
2	cr	1951078519
2	2c	546354
2	Mh	106516
2	eo	1025282214
2	MI	37351302
2	I4	325303
2	3m	220682
2	VK	112436
2	Fp	68512
2	Là	21096
2	Mo	453769154
2	-6	53953336
2	Ay	7140202
2	3P	134063
2	DU	19782839
2	2l	899239
2	:0	4115665
2	Oo	1018646
2	2X	126129
2	lU	107155
2	N7	37833
2	5h	28522
2	Ve	102284520
2	8,	6162168
2	Yi	5653736
2	cQ	430657
2	Li	324982365
2	8H	26027
2	j6	23802
2	uC	73792
2	32	40580281064
2	VL	1499193
2	Dt	392595
2	èr	2318326
2	Nc	103780
2	vw	28161
2	1B	315719
2	7V	43074
2	4g	37489
2	fi	3608124033
2	.s	1319510
2	ít	384021
2	Lx	65688
2	8v	6890252
2	zq	565735
2	rA	165488
2	w3	25702
2	7O	46394
2	L8	22432
2	Ce	134912289
2	CL	21005368
2	wg	1402514
2	G4	124281
2	F_	525979
2	□_	50686
2	Op	55955332
2	.M	14741337
2	éb	358769
2	a7	27752
2	94	57978218141
2	at	20771607517
2	xt	658128248
2	sf	239222665
2	3.	86507921
2	CI	38972322
2	MB	11296726
2	Jk	34841
2	f7	14627
2	ta	7293171588
2	ks	672606286
2	H5	135967
2	Mz	99548
2	'V	52203
2	dZ	14631
2	tf	79179044
2	IE	36581817
2	4:	3802825
2	8S	233277
2	H7	116706
2	Zü	66409
2	H9	38201
2	zP	24991
2	ká	22216
2	0R	64308
2	9O	17921
2	zs	4331007
2	WE	15543171
2	yu	7858356
2	t_	6565710
2	Gd	525395
2	Xh	250168
2	I8	324331
2	-G	73048
2	86	22889868623
2	2P	359951
2	2M	179384
2	dä	23459
2	CT	61165727
2	dí	311008
2	oJ	95999
2	ν		18221
2	Fö	31776
2	ax	263325760
2	yi	403705100
2	j		27658118
2	TW	5743877
2	7-	67533375
2	y.	3148730
2	!		262974596
2	go	1466727148
2	7l	573340
2	QN	25897
2	sS	35496
2	độ	13017
2	JO	9066170
2	μm	152295
2	iL	222652
2	4V	93878
2	vk	306725
2	a2	2453225
2	TZ	513032
2	4E	75007
2	u0	53802
2	oP	151712
2	Wd	34043
2	rK	15302
2	kW	706609
2	6k	157248
2	iF	140447
2	3v	32799
2	ZM	29963
2	42	37666544049
2	33	26891828053
2	Ru	142097958
2	AU	11385160
2	eñ	433519
2	OQ	225548
2	VQ	127342
2	KZ	34008
2	Ey	6401860
2	Dl	571751
2	né	2512551
2	s1	197408
2	j2	35486
2	W5	29636
2	Ó		16949
2		1	146477732464
2	.J	12881883
2	г		56972
2	Pz	42489
2	tB	382825
2	Nf	83932
2	x7	63788
2	KC	1154292
2	l8	2595491
2	82	21251308938
2	Ro	363565556
2	LH	1828938
2	2Q	28622
2	od	2751785499
2	Oa	8494096
2	lx	1693735
2	X1	371593
2	s4	38265
2	eG	116104
2	vP	37900
2	bY	13309
2	gO	361355
2	Tg	306890
2	0u	58910
2	7U	49062
2	A-	14348
2	03	33902516592
2	ig	3627947076
2	dr	1138841821
2	Lh	590472
2	ça	967737
2	.g	37256163
2	Nu	50124532
2	sj	3065515
2	tö	13395
2	ьк	13031
2	23	70353082271
2	td	23584956
2	q.	5416239
2	SF	6165717
2	E0	185231
2	2L	71363
2	BY	9431196
2	GT	3487294
2	5n	885498
2	3X	66225
2	lB	100145
2	bw	4113218
2	iù	503475
2	l9	14655946
2	VV	428038
2	KJ	477617
2	4X	59435
2	'q	22629
2	ra	9548045499
2	c.	116664914
2	Rh	21305961
2	oC	895173
2	wY	300992
2	n0	223142
2	/2	280482
2	zp	919738
2	R3	435825
2	Ks	525621
2	iH	157666
2	äs	91647
2	mN	43946
2	6e	123078
2	7p	118085
2	Ég	25347
2	g3	22778
2	N		249307791
2	nP	244148
2	y1	66529
2	vz	47973
2	En	301906235
2	AL	97692435
2	Mf	681827
2	F8	108069
2	ög	320130
2	pS	76284
2	wx	26485
2	íf	27160
2	0c	951152
2	9e	105676
2	4G	66910
2	LE	82119145
2	Lt	14152544
2	7.	48513317
2	14	51698945196
2	ve	11596556919
2	Má	52451
2	aG	243182
2	Fü	177771
2	çi	19771
2	9t	12430058
2	-Y	19619
2	om	7706070105
2	op	3116983939
2	eh	376886303
2	AN	157247650
2	TV	11911940
2	nL	78450
2	äm	99134
2	E5	83827
2	ZH	78299
2	9L	16436
2	78	22496219855
2	'		1666006490
2	XI	33240093
2	tj	1191203
2	fM	170463
2	A'	141265
2	В_	41071
2	6y	24057
2	Cy	18982009
2	GC	3120837
2	3e	152366
2	-C	104151
2	со	58085
2	Yo	386058448
2	Ac	216322409
2	Ti	111721465
2	p9	47563
2	ll	8258652395
2	HF	1781058
2	NL	3988409
2	σ		69502
2	D		239912162
2	yl	217534579
2	tp	53722669
2	eB	1040603
2	➪		206037
2	t6	159985
2	π		69323
2	XD	65431
2	W9	14343
2	dm	252826376
2	X.	4710156
2	hg	2158836
2	dL	347871
2	eS	649441
2	ju	598482993
2	'k	156030
2	5K	49104
2	sè	58775
2	Jø	13046
2	iJ	83084
2	л		32629
2	WZ	41317
2	zy	34575309
2	zg	2291129
2	jr	1031750
2	zn	1643225
2	kx	140120
2	Nä	25802
2	Jx	20199
2	EG	14553905
2	AE	6095528
2	TG	1339762
2	OZ	275661
2	jV	48426
2	tU	22105
2	nô	13176
2	71	16681887582
2	bh	9786132
2	Fr	433658934
2	Aw	8842398
2	'i	6083503
2	l7	873764
2	Vm	312914
2	ór	197558
2	ко	13031
2	36	42186728009
2	hb	62146169
2	Zn	1295620
2	R4	197357
2	Hk	58057
2	j5	16613
2	➔		16408
2	mh	4948442
2	uO	60682
2	lR	134963
2	RE	139035719
2	P2	1708803
2	Gc	93307
2	<I	39449
2	Ym	58413
2	ộn	13017
2	84	46536433146
2	Co	1390775063
2	OC	21262912
2	`		1157512
2	α		318310
2	S7	223938
2	jz	55385
2	œi	22513
2	2_	153073604
2	JL	1092436
2	V_	1173521
2	lí	433910
2	çu	51279
2	íc	182606
2	Nã	18873
2	TB	2382092
2	CJ	1310979
2	0W	17486
2	An	661943074
2	sn	121696031
2	lz	6941564
2	Xc	82909
2	3/	59033
2	FM	2958419
2	PG	2898800
2	4b	1621854
2	ió	2241305
2	тс	14092
2	by	2378212177
2	s.	99197628
2	.m	11125037
2	BO	19567835
2	TX	1502511
2	6I	38448
2	Ss	1009937
2	tI	61405
2	GZ	22792
2	XX	25396025
2	l4	1057169
2	ì		137292
2	7L	19785
2	jv	160991
2	U1	72224
2	9I	18576
2	н		12863
2	K.	41575669
2	Er	41133038
2	Dm	653444
2	6U	54114
2	QG	14334
2	.5	98271657
2	3r	9106724
2	i_	13772820
2	té	6724899
2	0K	281006
2	rO	135439
2	F.	66175638
2	n1	372593
2	5D	90116
2	▪		25472
2	6w	24745
2	ds	1777499431
2	D_	2829105
2	S		389894861
2	0t	12919692
2	dé	3450805
2	hl	185041817
2	bv	53220913
2	TQ	386457
2	BK	248627
2	ej	65185969
2	Rj	105381
2	dN	161541
2	Zj	39317
2	Sw	50244757
2	4t	14587205
2	EO	11456730
2	CV	2727502
2	a		9913329875
2		6	19403930141
2	Ry	6726339
2	YS	10130197
2	iM	477072
2	YK	136949
2	oè	161079
2	k1	64719
2	U7	47310
2	Rè	14808
2	ek	237688268
2	BI	17355746
2	sO	86562
2	κ		19204
2	QA	478168
2	N'	55350
2	zü	20594
2		5	27464541905
2	=		65806779
2	G		93266193
2	iG	342143
2	Fd	211831
2	Qn	82321
2	ât	272939
2	Uu	24871
2	EV	15748932
2	än	555096
2	83	25451199130
2	Pm	197620
2	Nn	107558
2			58506
2	ss	5731053877
2	€		1040921
2	lN	351089
2	d4	26254
2	'è	21884
2	sL	29892
2	5Y	14796
2	t		33265843858
2	lq	1932121
2	3_	110716455
2	qf	280920
2	já	23541
2	Ig	8162044
2	Uh	1216299
2	5C	186607
2	mJ	111347
2	1X	53243
2	o9	179657
2	m/	112129
2	8h	31686
2	Sy	79714020
2	**	25883631
2	Ue	984814
2	kB	361015
2	3J	146902
2	P6	139174
2	tô	195518
2	tM	72241
2	T3	764403
2	fE	147021
2	dh	75846617
2	4S	307786
2	bM	36758
2	èb	23999
2	Qb	21501
2	Bl	102198375
2	DM	7897495
2	Sf	625854
2	4H	152600
2	sä	103983
2	D1	452622
2	yj	293605
2	ôt	605237
2	Hp	140375
2	hK	63261
2	Xq	26226
2	LR	4169042
2	Pd	399564
2	i3	423559
2	V5	86122
2	xr	209586
2	Up	32367132
2	Ob	37729812
2	PM	8516668
2	-8	46153949
2	2g	127758
2	pM	79098
2	4M	78355
2	eY	44047
2	Xd	20507
2	BL	29120642
2	Ep	22355452
2	cA	3934950
2	Sv	3058239
2	yN	19788
2	DC	14281239
2	Z2	101677
2	hä	524542
2	x'	124524
2	pW	66531
2	Né	14030
2	P0	397706
2	y0	75869
2	А		37055
2	Γ		18238
2	Ae	8990850
2	Oj	979209
2	QW	184628
2	Zm	21394
2	id	4155930268
2	D.	112683501
2	9s	357626
2	γ		99769
2	+7	69060
2	Wf	37626
2	eû	29000
2	XN	19923
2	Pe	330455353
2	Kv	80433
2	T2	1177088
2	1a	2267979
2	nc	5879090144
2	Az	6008385
2	8I	20682
2	je	538198114
2	So	578563458
2	YE	5738736
2	dx	398820
2	4i	181620
2	o2	805805
2	gq	143924
2	1N	101853
2	8O	99522
2	tF	45749
2	jw	28228
2	9D	23508
2	UL	18528124
2	cT	324454
2	ún	289012
2	pä	193962
2	t-	47234
2	tW	611459
2	f>	239649
2	Rg	310982
2	aî	461744
2	fL	32777
2	zö	23276
2	7F	40284
2	cn	4552229
2	Tc	1301200
2	+6	111461
2	aW	39552
2	Y4	16371
2	35	29117322139
2	lr	139968502
2	iq	161593065
2	Pé	135132
2	2G	104585
2	Mt	3149165
2	UV	2379720
2	AX	3655479
2	ed	16372020536
2	OT	30400880
2	5d	177175
2	Fv	99326
2	Kü	58966
2	'E	177774
2	N2	1157332
2	cV	369287
2	âm	94769
2	м		14342
2	*		162827146
2	py	160235858
2	PF	2329465
2	0_	45109114
2	1C	477118
2	Y_	1677746
2	rò	49307
2	tG	106917
2	3,	11670134
2	ué	960367
2	Å		40351
2	aK	38923
2	ZW	32439
2	'X	13264
2	AA	11001958
2	SD	10813807
2	.c	5335480
2	.h	627036
2	Vc	210524
2	8e	86201
2	88	55333579435
2	If	259109483
2	Dy	12652540
2	wo	2908954938
2	Tb	736375
2	pB	72676
2	të	33402
2	sK	27299
2	Z5	22587
2	dæ	13063
2	Ed	151686937
2	cf	12790238
2	RI	77239548
2	kk	7242087
2	jg	122796
2	fI	59373
2	→		185097
2	1e	353813
2	+9	62157
2	ри	38824
2	eA	166208
2	9N	13307
2	.e	34499672
2	cq	77459356
2	VA	18579778
2	bä	18640
2	<f	239649
2	CX	677903
2	hM	17126
2	ms	1287203766
2	_.	1022064935
2	W1	203556
2	có	68649
2	g/	1110452
2	Hf	148710
2	ql	309708
2	ZG	62903
2	/n	13663
2	20	23125900329
2	lk	282388254
2	yd	101651150
2	gE	467713
2	añ	1084409
2	e0	96584
2	C5	590976
2	2E	241749
2	G_	544297
2	rê	455875
2			52342
2	ол	27185
2	OX	2606337
2	Y.	16645226
2	jn	1496340
2	b/	122383
2	Ju	231959303
2	r'	2399738
2	<t	166523
2	2R	182370
2	Ll	7058793
2	CM	10432137
2	NF	8721831
2	rè	1827944
2	8M	58573
2	ßn	18806
2	HO	33544139
2	Zh	5255549
2	RR	11365311
2	a5	45562
2	Ur	21516539
2	CE	66282342
2	uq	4077097
2	m_	1557281
2	eD	145442
2	Añ	27425
2	lò	25293
2	58	20045080380
2	EI	9182156
2	H6	167383
2	p4	81971
2	μM	29826
2	èq	182569
2	Mp	215915
2	Qc	50129
2	из	39546
2	e5	14833
2	At	208248370
2	.H	6701378
2	&c	32755
2	Bi	160236549
2	<		17910995
2	üb	1253499
2	Ew	2750911
2	ZN	37337
2	Ly	24711116
2	SM	11668434
2	Bf	77929
2	rS	121017
2	s/	40072
2	ń		34190
2	□		2918266
2	TC	10974882
2	dF	149232
2	ût	204305
2	fz	145457
2	H'	46706
2	xi	533307004
2	K2	387843
2	v1	199044
2	C8	143828
2	Kd	107764
2	x>	26146
2	nd	19060096457
2	04	20182449844
2	gu	1125592453
2	tX	48693
2	Pú	53080
2	cc	1151479579
2	OB	11779375
2	W6	24990
2	Cr	162914647
2	Ze	25742737
2	q		31953187
2	l0	2308776
2	BX	305227
2	Hx	49966
2	LB	4132695
2	U2	256708
2	rL	37156
2	.6	58445042
2	RV	8211713
2	3s	1172016
2	Yn	166612
2	6E	38683
2	16	30069529363
2	rs	5643547758
2	ie	5463935132
2	AD	36476526
2	NR	5442098
2	1o	2343760
2	M6	93817
2	Y		126233852
2	CS	15779297
2	F2	1466430
2	Rf	209075
2	pê	45148
2	ye	1194007647
2	»		21594706
2	Ip	1401493
2	LQ	120654
2	uê	87215
2	Sm	56818125
2	ij	18449146
2	xl	6105142
2	HM	4513193
2	só	160356
2	CD	17473193
2	D9	38582
2	Ji	20502445
2	та	21838
2	Π		21023
2	72	64866368602
2	Ye	118549792
2	Bz	44386
2	le	11423775688
2	Ut	13951623
2	mw	6830240
2	jm	717302
2	YW	408235
2	Fb	40646
2	Wp	35040
2	Dc	143343
2	yM	34746
2	hi	10434482006
2	Os	23547522
2	^_	42436
2	wA	26612
2	0E	67724
2	á		1004733
2	HW	1013831
2	3n	914887
2	QP	132860
2	ob	1333550921
2	≤		60991
2	Yq	13565
2	km	26402182
2	L_	1670254
2	пр	38824
2	cł	17483
2	wf	22410516
2	,7	3147040
2	n3	285978
2	hH	42032
2	bâ	53575
2	tw	1100947121
2	pi	1657849495
2	Cd	1109814
2	QD	214094
2	.t	240985
2	9c	266886
2	È		53587
2	vè	18276
2	Ix	500979
2	nQ	16149
2	2N	195610
2	pí	38988
2	ök	14322
2	vi	3593449344
2	PC	14509624
2	AH	4625885
2	hk	4323907
2	еж	13832
2	<n	13726
2	Sc	264058969
2	.2	126948896
2	Bh	7765006
2	Xy	170201
2	t9	21056
2	96	26119200794
2	Pa	534697871
2	fm	7514105
2	:4	2705078
2	Bb	154405
2	J4	80686
2	.r	101817
2	AW	6608454
2	V6	116927
2	0B	218309
2	P8	57011
2	us	6374414550
2	iz	926671674
2	EC	59677134
2	JE	6594482
2	f2	168682
2	QO	157998
2	3V	117249
2	Bq	71418
2	Sí	31453
2	7G	33942
2	ду	13832
2	±		3923798
2	aU	100778
2	K3	81680
2	éj	254344
2	Ré	297819
2	G7	115405
2	os	4107208061
2	SU	23024442
2	CF	5382770
2	e'	2187976
2	eP	547628
2	oj	97545453
2	e.	81928942
2	Io	11085480
2	NC	46424012
2	WS	4472077
2	e_	4850358
2	кж	21838
2	cJ	15028
2	OR	107143894
2	NP	7904140
2	+2	600066
2	mu	1488033256
2	pz	3038202
2	RG	11321356
2	es	18875668496
2	Bt	755713
2	él	1062911
2	rä	298099
2	óm	385086
2	P7	116742
2	mU	40875
2	th	45593062832
2	tn	140915029
2	SN	4444706
2	tá	505641
2	S9	176417
2	vT	25983
2	uc	2648317246
2	ub	1255531284
2	XP	5508191
2	eb	394194203
2	HY	6345309
2		8	14411261070
2	NM	5896733
2	e6	91955
2	Zs	277411
2	.x	130135
2	uV	57258
2	P.	81386735
2	Ow	13024237
2	Rb	354327
2	c5	20826
2	69	19926943796
2	et	5873614947
2	IO	102526592
2	-1	187410778
2	MZ	279886
2	Sx	103975
2	h2	190245
2	T'	1051405
2	7:	2462739
2	3B	353337
2	Fm	286247
2	KU	609098
2	6V	56366
2	C!	17859
2	bR	16459
2	13	50523586717
2	Ia	3989906
2	DA	29752412
2	mA	739823
2	VF	810947
2	cj	123532
2	Ej	391998
2	Hé	45806
2	WH	11895831
2	Zv	304972
2	UY	396399
2	aE	25148
2	K8	15075
2	JF	948363
2	fö	241933
2	T7	143239
2	uí	161245
2	L6	157480
2	FQ	102317
2	oi	1237701971
2	HE	140211395
2	rH	179358
2	J3	89881
2	0k	159246
2	wT	13477
2	,		27957346221
2	BP	3281729
2	UJ	162097
2	8f	492959
2	R.	111411149
2	§		37901050
2	Es	64293125
2	KM	1221783
2	WP	1773576
2	YN	1909813
2	Xf	31634
2	O		132583345
2	SA	46224045
2	Dè	28090
2	eU	36885
2	мя	13089
2	Se	606258905
2	DL	6873651
2	'T	168342
2	:6	1185547
2	©_	109832
2	ón	2789403
2	r		21858784050
2	bz	517915
2	yB	52899
2	qm	41568
2	-A	71959
2	0V	41848
2	¼		156503
2	èd	64934
2	ir	4373758127
2	uz	28620124
2	Sn	11141623
2	PH	15477749
2	Vt	941346
2	VH	1207414
2	gv	563661
2	uá	57867
2	7g	24850
2	Bü	73803
2	WL	3635305
2	Dv	416467
2	s0	167858
2	Uw	115823
2	Hq	73415
2	HX	69338
2	dû	52393
2	θ_	13758
2	;		1874577721
2	E_	4216528
2	şi	96234
2	öt	146444
2	'U	70872
2	0L	44907
2	dp	15143882
2	iT	272487
2	r3	105383
2	ε		59514
2	y4	26146
2	t7	22130
2	ce	9029417756
2	..	1071347117
2	b		378503329
2	mR	2033038
2	+4	349279
2	cO	60289
2	Wx	28435
2	zx	18162
2	3A	848444
2	.a	1157546
2	24	25163805057
2	SG	2153511
2	lE	37933
2	■		18482566
2	.f	908669
2	u2	210469
2	9H	33695
2	ód	14232
2	iR	126988
2	7h	45506
2	ma	7054732771
2	el	7413599530
2	Ca	641610604
2	uw	4610307
2	yf	11915368
2	GJ	300639
2	Éd	53788
2		7	31605276194
2	"		4430963121
2	dv	266186817
2	RK	11760647
2	Ul	12475406
2	BU	9782166
2	KL	1457253
2	Yl	73843
2	97	38695014154
2	LL	36815323
2	Rc	143860
2	v3	72925
2	5v	20203
2	j4	19099
2	qk	17801
2	.C	35436925
2	BG	1177441
2	V3	251632
2	Dd	122222
2	RA	82908562
2	n		34612314548
2	'p	182608
2	úm	117820
2	dC	171871
2	1R	59540
2	❖		35458
2	áx	16340
2	Vö	24447
2	d'	24072017
2	v		109117595
2	SI	59468923
2	Yv	1253207
2	gí	87586
2	fV	17059
2	$		142374466
2	R		216706752
2	iC	938155
2	EY	7563834
2	fc	3749270
2	Wt	237803
2	NJ	4271346
2	j1	43167
2	O6	21909
2	9P	18687
2	cU	30286
2	gf	15217438
2	JA	7622559
2	.P	8837254
2	cp	2052290
2	n8	57322
2	hâ	127219
2	Â		32874
2	Lo	404598758
2	z		123289888
2	PI	18875456
2	JG	386575
2	67	18460613457
2	9_	88036776
2	¥		1000120
2	4s	886324
2	VY	383718
2	Kx	47375
2	iW	51180
2	SW	5940557
2	i'	1438249
2	oñ	69939
2	3U	41198
2	У		23353
2	DY	4540049
2	L2	1051396
2	xq	4124056
2	G3	145717
2	vf	59794
2	χ2	14099
2	AQ	846600
2	v7	17732
2	9i	132729
2	τ		53327
2	öf	91650
2	l		12874168924
2	DE	60195287
2	ná	232747
2	Dí	92226
2	Lö	78061
2	Qr	55254
2	_L	49917
2	GH	13829053
2	NK	4665460
2	Tm	614868
2	μL	120287
2	gj	469375
2	_a	47775
2	п		14416
2	0U	13504
2	AJ	2150148
2	Rt	848085
2	§_	129550
2	Gb	173743
2	1K	47289
2	dl	458223474
2	pH	9126826
2	►		1694091
2	RM	18168447
2	TD	3971839
2	IZ	4261957
2	Lr	59808
2	1x	81883
2	r/	23737
2	LF	4144477
2	Gn	1953442
2	mE	363072
2	:9	1060433
2	éh	22669
2	e9	21785
2	ôp	15325
2	mL	2506309
2	RB	6019413
2	,4	5408144
2	Kk	22078
2	Äs	15405
2	sù	13866
2	73	51566133687
2	ex	2840252077
2	0J	89984
2	Té	15982
2	Gu	88893892
2	5p	284248
2	UW	380975
2	t>	128173
2	HT	12172990
2	FH	813416
2	kJ	233302
2	pr	6012722186
2	L'	6323110
2	uv	43154872
2	-5	60806424
2	,9	2087123
2	Bm	170734
2	Qd	56193
2	VO	8431132
2	vm	399475
2	ío	217302
2	³		38262
2	JD	1243006
2	êc	45148
2	в_	14298
2	np	80637617
2	XV	17947959
2	ud	1296893519
2	SE	74223599
2	Xe	2900537
2	DG	5553018
2	6M	71571
2	ZP	137347
2	9T	71643
2	gU	19285
2	№		16020
2	r_	6302477
2	LN	2086457
2	Vf	123634
2	Xg	36707
2	sG	28348
2		4	33141291732
2	ai	4438844505
2	Rm	258248
2	Ét	262821
2	7C	142311
2	5E	59111
2	n!	28303
2	bo	2465323702
2	Ho	484432113
2	wk	15608692
2	+5	208546
2	i4	160041
2	Z3	174280
2	éq	340893
2	/>	18794
2	Ns	1039312
2	6B	204295
2	4N	55881
2	Ví	15923
2	95	58749994954
2	vr	12952606
2	<d	17401
2	_t	81155
2	Au	169852218
2	lc	165413023
2	ßt	199708
2	bO	97418
2	∫		19193
2	wS	13390
2	bt	239253185
2	Pp	2172193
2	7B	270807
2	fO	72161
2	ng	13470876627
2	Rd	1444226
2	ZQ	14775
2	íz	14401
2	вл	14092
2	W		48535640
2	HB	1952758
2	8r	51690
2	<p	22357
2	C6	394196
2	U_	92114
2	ủa	29424
2	x9	28697
2	yw	48424650
2	MV	1690904
2	9U	98263
2	.T	4364910
2	Y1	34925
2	L9	21910
2	Pu	122480988
2	TE	135608584
2	Te	233143211
2	Tr	261090470
2	.-	1182321
2	f1	1240256
2	że	39840
2	1'	365717
2	00	28546636443
2	ji	22353770
2	B_	573855
2	Zl	56124
2	pq	108724
2	ZB	88026
2	ời	13048
2	ON	172650432
2	FU	6007764
2	F1	769809
2	Lg	66061
2	dU	120270
2	pI	41546
2	ль	13031
2	Vs	1338110
2	cí	210461
2	úñ	13532
2	b.	30624507
2	ky	85946475
2	7,	5700433
2	sA	204051
2	éd	1236976
2	mq	528706
2	с_	23996
2	wa	5126907356
2	sq	95494696
2	4-	64909447
2	Za	13716317
2	UG	6087246
2	mV	554608
2	6f	620336
2	vc	393612
2	Cb	149501
2	væ	52128
2	ív	31749
2	RY	28771263
2	DK	731681
2	t'	2608089
2	Zt	210944
2	◆		58280
2	Q7	23901
2	Ek	1143576
2	hè	636516
2	a6	49411
2	ní	69029
2	Qk	18219
2	ym	337828301
2	.4	76305983
2	iè	2299426
2	kP	352654
2	40	22081643136
2	du	1944915954
2	io	11734950287
2	CB	7009886
2	ZE	2359521
2	7o	597168
2	Q1	217825
2	'I	95913
2	gS	85796
2	ли	22918
2	см	14342
2	à		11683987
2	R5	133725
2	8C	105755
2	h>	34669
2	nå	27945
2	H_	1345611
2	cx	312894
2	aD	97761
2	XZ	24613
2	6d	3605203
2	<i	61643
2	af	862761032
2	MD	6521979
2	IA	40854488
2	Vz	200829
2	3F	66195
2	dó	87119
2	jM	13068
2	37	21633030967
2	dS	408142
2	е		125490
2	-B	46930
2	bI	22248
2	_		106907252
2	Q3	170592
2	/h	20863
2	fB	15865
2	ég	1335161
2	F0	175102
2	J_	250695
2	nB	87614
2	JZ	33544
2	ad	5047536631
2	ny	1372769357
2	nj	154397724
2	HN	6448091
2	hj	527255
2	Me	370678139
2	4_	100021300
2	o_	1778575
2	.X	43829
2	ço	531360
2	aç	300263
2	aH	285336
2	δ		52030
2	4v	21974
2		3	39643847428
2	64	17276545047
2	au	1543807964
2	UT	26548146
2	M3	375706
2	l1	319509
2	aT	221361
2	pL	87505
2	DN	17788873
2	IG	32887394
2	Kl	13016617
2	Ik	1673939
2	cw	668448
2	C9	94680
2	eş	19381
2	ze	697626056
2	P		132083268
2	ka	167012962
2	BR	14667899
2	aA	1139939
2	Mé	825831
2	5J	96955
2	hW	90644
2	80	38132162341
2	k		2961037071
2	Üb	224794
2	Y0	36296
2	5k	68601
2	oy	513267254
2	5.	66330220
2	nO	402919
2	Yd	55923
2	ts	4748709118
2	в		364650
2	ão	446795
2	s6	201408
2	jl	406934
2	:8	1079941
2	lé	801601
2	p6	67822
2	ów	34533
2	sł	15029
2	Wi	357830839
2	XL	3068661
2	PV	2920467
2	cR	524311
2	8X	18167
2	34	73109624455
2	9:	2560495
2	JI	905190
2	tQ	51151
2	и_	13696
2	iP	397022
2	Yf	27699
2	HI	42411931
2	AV	11420358
2	A1	1834267
2	tx	167210
2	üh	511710
2	vW	45633
2	oN	71889
2	x		557550980
2	oW	29916
2	Gm	1029311
2	vv	1244746
2	ω		43878
2	\_	32200
2	ft	1154683806
2	~		11762743
2	FD	5484848
2	LJ	839414
2	GF	2652492
2	oI	258812
2	lI	212414
2	ZF	42519
2	∈		21857
2	ik	617518272
2	lm	331309537
2	Or	144895235
2	LG	1637121
2	eT	256501
2	zá	105324
2	5x	117584
2	Dq	20512
2	6W	13193
2	ol	5148266395
2	uh	15891043
2	pé	1279116
2	yG	224654
2	vö	79408
2	gN	50340
2	aO	1005403
2	uF	18500
2	s9	18170
2	nt	14702123878
2	.B	8636458
2	Pg	210513
2	Hv	50089
2	iç	19771
2	ür	2798715
2	M_	3013773
2	KS	6555246
2	YP	3285724
2	VP	2526072
2	Mw	295335
2	dR	74296
2	öv	26485
2	e8	45021
2	gK	26394
2	iO	831926
2	sû	49788
2	iu	256970889
2	qb	362344
2	p3	264243
2	/3	95946
2	t4	39069
2	Ja	283959931
2	Dh	2812148
2	GK	279751
2	zi	170446959
2	NI	41876745
2	OE	7966712
2	R6	73528
2	↑		15827
2	<P	13929
2	3D	1939722
2	Qa	1852078
2	Xo	322865
2	<T	53066
2	6i	191930
2	J>	38144
2	Oe	2880755
2	T_	3148747
2	BV	839227
2	qa	605077
2	un	5168111318
2	°		45841366
2	rx	16256279
2	ié	1402865
2	éâ	109766
2	/i	79081
2	41	48409497322
2	o4	193258
2	Fg	36563
2	UK	8901004
2	tv	5387549
2	ZO	971235
2	==	341654
2	6P	92494
2	KK	613551
2	KP	791560
2	yq	260599
2	6r	181316
2	Á		16612
2	ф		14609
2	Sd	260113
2	56	20820294481
2	gm	135423736
2	Jr	12618095
2	UB	9225557
2	cœ	79694
2	Nh	276474
2	aX	55763
2	E>	14284
2	EU	8304513
2	О		137364
2	oR	163572
2	ît	426833
2	s		49567205978
2	mn	122845104
2	zb	3325138
2	mj	202135
2	Л_	15488
2	ko	52633384
2	3j	57233
2	1j	46549
2	h'	3474084
2	'P	15137
2	px	246116
2	WU	312890
2	W/	120535
2	pV	35629
2	Nw	65017
2	2K	221042
2	Mj	81854
2	lF	45666
2	ps	721576189
2	9-	63699237
2	X4	131347
2	aï	116655
2	0S	489140
2			23471
2	sh	4088754349
2	K_	695193
2	Fs	524192
2	rV	254618
2	Ec	55031560
2	bm	37329841
2	OK	11608167
2	•_	2389041
2	Lv	237529
2	Gó	88439
2	Ww	19797
2	C'	991936
2	à_	362862
2	¤		284153
2	b5	33727
2	dI	13660
2	mH	544369
2	Ii	505422
2	Àr	18659
2	r.	204669332
2	Ku	24237485
2	√		254645
2	wü	132171
2	XB	54868
2	jx	32774
2	pN	29510
2	s!	17483
2	rb	385572061
2	Ni	90706438
2	8g	26955
2	Qg	17152
2	Jö	16091
2	Wh	629337924
2	ge	5084011896
2	OS	29174920
2	MC	7625176
2	Iy	375189
2	0m	1597518
2	Am	371147230
2	Wu	4091359
2	+0	290026
2	0O	98803
2	¾		25995
2	dà	17000
2	85	19289515922
2	pl	3565921827
2	1A	928625
2	Uf	454033
2	Sj	559018
2	Bg	52679
2	Ga	150423652
2	O4	610487
2			51600
2	ûr	49788
2	Un	421169020
2	Fu	88915647
2	tè	640401
2	IJ	371932
2	T>	38782
2	ил	22918
2	z3	14186
2	h.	13471275
2	DW	2357194
2	Iq	462250
2	Qh	14193
2	12	45018095251
2	'R	1031651
2	nè	78834
2	zj	82104
2	VZ	70707
2	aJ	36226
2	28	40865846205
2	9J	46535
2	Zk	16042
2	Wo	218031489
2	MW	1830338
2	Xp	73275
2	<s	47469
2	NH	3908611
2	Dn	587623
2	rí	773155
2	Hj	324264
2	fe	3182828568
2	n'	7476065
2	W2	365003
2	eJ	33496
2	F!	14772
2	b>	14142
2	gL	13985
2	gh	3202878810
2	G.	69675376
2	Ad	151608353
2	.0	144404734
2	J5	62126
2	èv	148400
2	W0	73366
2	Cô	51094
2	5U	94787
2	kL	24902
2	A2	2290678
2	WF	982157
2	oV	33578
2	kM	13677
2	ua	1928567485
2	'1	4160988
2	zt	3420957
2	Pw	62495
2	T		229210720
2	sg	34367948
2	Hg	2022195
2	-9	44565868
2	pF	125609
2	ui	1436126965
2	Hu	123163035
2	Wm	1963980
2	-7	47453262
2	LT	14413775
2	▲		109781
2	α2	12913
2	8s	651914
2	/m	849970
2	b6	87622
2	lü	22705
2	sw	282600161
2	Ms	5943440
2	SZ	161593
2	N9	32370
2	o'	13027169
2	-2	124296388
2	Rl	566647
2	éf	508852
2	7f	476086
2	Tq	32351
2	￼		19718
2	-W	17193
2	'8	1768972
2	4A	597734
2	ò		291296
2	4h	171343
2	XQ	77075
2	k6	41595
2	fl	839992810
2	xf	26112378
2	dc	22851362
2	CG	3414139
2	éo	504841
2	în	126315
2	Qx	39251
2	iv	4016774065
2	i		769731152
2	EW	13905768
2	WG	500656
2	ße	375471
2	6O	58762
2	oQ	69315
2	há	42243
2	i>	23068
2	Qq	18128
2	dK	14845
2	co	9855275744
2	Ra	192300616
2	YV	111009
2	kG	61344
2	rr	1714946285
2	OO	20873684
2	GP	4438464
2	vt	1735979
2	Td	175142
2	nW	109249
2	if	2611503681
2	V2	1679299
2	Lk	362751
2	Qf	97675
2	rE	39053
2	âv	17621
2	51	29383191292
2	ii	123832318
2	.L	8527400
2	pK	271450
2	eK	125875
2	Sá	74155
2	Je	195368356
2	pC	124198
2	bu	2082510625
2	Xi	2709589
2	or	17878777590
2	am	3675328148
2	q_	403906
2	èm	885092
2	7r	176859
2	N1	221992
2	tH	173071
2	Mè	14037
2	HJ	413878
2	Hd	131994
2	3W	20693
2	vo	942718403
2	m0	63535
2	Ös	33317
2	p!	23624
2	'v	49682783
2	Fl	81428537
2	lM	168027
2	Lm	64951
2	û		52393
2	iß	77957
2	⋆		27885
2	QL	2959960
2	6-	62225490
2	c_	1910561
2	Mn	1474872
2	re	25532785393
2	ls	1996737013
2	sv	14892250
2	FC	4725610
2	t0	432637
2	Kb	292435
2	λ		75269
2	fP	29677
2	da	1902296318
2	Rv	81658
2	HU	6535875
2	Ws	555079
2	lH	32619
2	ZC	20098
2	яв	14092
2	Sp	205960231
2	ya	211433840
2	NT	96168942
2	S5	242673
2	ün	449342
2	Pè	48014
2	Où	28231
2	Af	183895805
2	MF	4389536
2	NZ	918820
2	sR	89438
2	x5	113650
2	⚫		19892
2	JM	1495487
2	gé	937750
2	Hä	51141
2	e>	73032
2	fp	1225706
2	/1	317932
2	mó	97376
2	dw	112768181
2	L4	202523
2	I7	155826
2	Xb	75245
2	l_	3013407
2	7s	768505
2	Vk	43748
2	X9	16898
2	rh	197306373
2	fs	75579208
2	TN	3670610
2			201263
2	9p	76637
2	6K	103717
2	bl	3190642042
2	eq	776429810
2	Ta	214128672
2	IX	16427715
2	xx	19052222
2	DT	4333206
2	r1	193788
2	v>	17401
2	P>	13929
2	UN	41827018
2	DH	4346492
2	Lp	125046
2	T6	118171
2	nJ	131939
2	Wü	48364
2	Ci	112388054
2	Im	67992641
2	cô	199909
2	o1	397462
2	Tz	976923
2	fd	2396835
2	JY	88750
2	G9	22371
2	ag	2797260609
2	Ha	377142303
2	a.	38568353
2	m.	22433689
2	oH	158848
2	yO	18169
2	oz	51871292
2	lD	263863
2	î		14782
2	_2	14424
2	uy	66173092
2	k.	2533262
2	8K	59405
2	9h	20027
2	-U	14759
2	C		205422097
2	Fe	163925672
2	gw	7814949
2	AO	4436309
2	m'	1360465
2	B8	109745
2	7m	143615
2	sW	101878
2	y-	14718
2	vC	13693
2	rz	11743281
2	ù		1241286
2	1D	98759
2	lT	224495
2	bü	14956
2	ne	9356420603
2	hs	204022232
2	S3	1022511
2	R0	193318
2	4J	159695
2	q2	98927
2	0d	112737
2	Ém	22648
2	kR	21944
2	GI	15429769
2	dJ	29201
2	--	1328966906
2	nn	1055367241
2	PR	51507004
2	'D	1539001
2	xb	1205574
2	≈		108662
2	nD	161925
2	0N	73161
2	Z4	26660
2	54	21907380128
2	+		40003396
2	Nl	288653
2	jt	747736
2	Q6	30848
2	Ko	54316321
2	RN	25849615
2	pd	10640359
2	●		785125
2	D0	137491
2	DR	14226893
2	då	21635
2	óv	21458
2	d/	16911
2	Mú	15289
2	RT	40621499
2	YC	1746490
2	UU	238184
2	aM	178036
2	F/	14348
2	1l	912487
2	2S	1394929
2	Gü	62364
2	Xv	27218
2	Nq	18778
2	tr	5769568862
2	gt	217883170
2	WT	3228329
2	а		207311
2	4k	46091
2	to	14357157455
2	J6	45455
2	æ		25798
2	3u	16901
2	ле	14154
2	ST	101934386
2	tR	735750
2	3o	1136986
2	YZ	530134
2	Ie	686647
2	M0	190481
2	Ql	264778
2	Gk	148665
2	WY	408603
2	Œu	52251
2	Ph	160877654
2	Zi	14138530
2	-F	58808
2	Wb	41290
2	yt	241388379
2	AI	31732392
2	kj	867928
2	4j	32281
2	öd	67015
2	ië	14930
2	Kz	14458
2	X2	746695
2	Qo	582836
2	1g	394647
2	wz	70140
2	5W	42563
2	m!	16054
2	Yk	13529
2	ec	6670707260
2	z.	1287473
2	S'	137741
2	yA	74558
2	10	39428463724
2	c		2084065640
2	Le	332590961
2	cd	7532351
2	cN	3581560
2	Rn	201434
2	d3	67130
2	38	31429234510
2	.v	2452558
2	DJ	1384295
2	ès	2010419
2	Df	333118
2	ię	99529
2	w1	85831
2	Gj	84851
2	I>	39449
2	E1	453368
2	E4	123276
2	0o	167632
2	Lá	16068
2	SK	3903244
2	6p	282871
2	xg	240333
2	n5	99681
2	ψ		17956
2	<a	16188
2	gå	12860
2	19	66533864071
2	ba	1740780274
2	J		56520499
2	EE	35912078
2	yh	7947558
2	cP	1153901
2			123261
2	Z0	72030
2	5M	85807
2	sx	48890
2	/6	35498
2	9b	1351780
2	ïv	116655
2	6R	40731
2	'w	15796
2	w		3015072949
2	Fo	474380528
2	TO	64351212
2	SP	25462277
2	Cx	119391
2	6X	28587
2	Д		14823
2	m3	1701857
2	5m	908475
2	J'	267258
2	f		17404740090
2	bj	325093069
2	Di	315138957
2	az	170562252
2	Ah	14170542
2	Id	29651589
2	BA	21876351
2	B2	1484307
2	Ш		22788
2	p>	22357
2	Än	33520
2	tl	1390388470
2	0		1841915978
2	pp	2024490873
2	WO	14426356
2	2x	423585
2	/c	456204
2	sí	326911
2	dì	14237
2	89	44265191067
2	vu	31261227
2	å		676522
2	mk	1581990
2	mx	70289
2	ZZ	233294
2	qh	79112
2	n_	4809295
2	lL	338724
2	éi	51660
2	Qs	366798
2	hP	83845
2	9n	827789
2	M8	59563
2	mP	47537
2	+1	1287574
2	p5	433779
2	Zw	1428613
2	VJ	130938
2	J!	12868
2	Ny	3524179
2	MQ	202806
2	YF	34819
2	8E	26057
2	WD	1120616
2	8o	869765
2	c0	72170
2	nó	229423
2	Sü	13951
2	Vr	1366252
2	DZ	153584
2	Dü	81394
2	z0	57200
2	iU	117867
2	‖		37853
2	s@	15867
2	pm	218452073
2	AZ	1956695
2	H3	1139476
2	ôm	38047
2	®		3891717
2	Г		44321
2	7E	28463
2	WX	42555
2	ip	1254642985
2	GL	6120502
2	I5	511403
2	по	50723
2	/s	98634
2	-i	129709
2	4W	61551
2	UI	9059326
2	t2	467495
2	FW	663447
2	ár	232287
2	bd	33486268
2	7_	83118943
2	Ih	1291657
2	WW	1995648
2	ör	513964
2	8B	153641
2	Fn	102867
2	eE	58387
2	ă		14854
2	4I	73848
2	W7	42262
2	_j	16357
2	kt	16492969
2	1b	1564332
2	¢		215765
2	ev	3466824660
2	no	6070238236
2	Du	147707640
2	Ai	35068511
2	PO	31548314
2	8a	2111270
2	X0	86109
2	Vq	26207
2	WI	19812933
2	GA	18647983
2	eL	911887
2	Yr	305560
2	r4	32998
2	éé	21783
2	ож	13713
2	eu	327247604
2	/8	123463
2	Of	113126698
2	6s	1684395
2	I2	839988
2	h_	432824
2	t/	37520
2	2H	352843
2	2a	3098030
2	ño	1267473
2	1E	48858
2	И		39597
2	nu	1066925252
2	IM	24006627
2	o7	178050
2	mS	83117
2	R8	40545
2	oG	66406
2	gä	13644
2	06	16111066095
2	ov	2506387300
2	Md	1750728
2	uj	8596476
2	k2	169171
2	6N	22753
2	xB	19435
2	ön	657358
2	7i	441977
2	3f	596363
2	º		80345
2	W_	478985
2	gF	14071
2	PN	2887956
2	nç	1120506
2	3S	401620
2	YU	343482
2	K0	97935
2	ườ	13048
2	ea	9547230903
2	g.	77122647
2	x3	207422
2	'g	94384
2	są	20534
2	e!	17555
2	mp	3364957034
2	ее	33823
2	N>	15867
2	Si	302067132
2	u'	5957370
2	f0	94605
2	8U	55592
2	≠		32383
2	ti	18839579349
2	fT	204876
2	fN	55300
2	up	1889581680
2	x2	927184
2	Wc	271710
2	6n	1322909
2	Ou	66571720
2	zR	60437
2	EL	42873359
2	KW	482497
2	és	3931903
2	qt	245989
2	'F	317805
2	sz	3516152
2	BJ	3234170
2	o5	199102
2	я		104454
2	Wä	46158
2	ß		1308881
2	dG	58100
2	fø	14242
2	OU	44400534
2	i9	739546
2	b3	70018
2	it	15107610487
2	6m	816708
2	aR	263219
2	gH	20324
2	rc	1705565727
2	}		6118542
2	ę		99529
2	{		10088476
2	2d	19366178
2	Ax	4155784
2	0b	1638413
2	äß	90711
2	Sø	13541
2	Dó	12971
2	yk	5700528
2	ña	460174
2	f_	993606
2	2f	662207
2	Jb	74529
2	h0	43999
2	wE	23999
2	s'	3034620
2	6o	852674
2	fä	51247
2	Vé	13998
2	SJ	756853
2	Xu	873824
2	Ck	75493
2	o0	164560
2	À_	14474
2	63	34854638966
2	cu	2203605348
2	ap	2692090613
2	A5	422073
2	sã	42433
2	xA	68928
2	v5	23428
2	Zx	16231
2	FA	20709079
2	DX	307533
2	nö	14897
2	90	29234749653
2	ee	5317151886
2	tà	632568
2	ús	114988
2	<c	18962
2	ré	5631765
2	t!	63048
2	vS	13137
2	nl	900572615
2	7e	71282
2	jT	19094
2	Mm	2943201
2	b_	1782827
2	5S	374290
2	Jc	97694
2	Ft	937234
2	är	563634
2	4D	133166
2	l.	15514508
2	4B	302221
2	LZ	147790
2	vO	126736
2	J7	43653
2	_T	19166
2	fa	2122149815
2	dd	603682138
2	Ok	11087711
2	gk	3987568
2	À		114271
2	hy	695400901
2	2t	3604613
2	Wy	8272492
2	zc	1214423
2	jp	1311201
2	8l	442315
2	Bj	694245
2	9d	147745
2	Z_	51073
2	'd	75211088
2	pc	3382700
2	öl	184810
2	46	43923670460
2	Il	34545898
2	v0	163539
2	3G	217873
2	tK	45385
2	gư	13048
2	In	1475442585
2	ez	66122154
2	BT	3256743
2	vb	134688
2	Kc	166872
2	It	748795268
2	F		149651076
2	RJ	1065348
2	3R	114129
2	yy	1397462
2	J9	27306
2	ga	1962645107
2	EH	2441529
2	не	52580
2	E		398321935
2	kg	34523653
2	êt	1840471
2	yv	1657744
2	V1	255757
2	дл	47321
2	1,	35752017
2	N0	612281
2	\		22419795
2	dA	308454
2	1/	302088
2	Zc	21472
2	rp	592807536
2	Ka	105490304
2	lA	486637
2	tä	416417
2	2n	14935892
2	FI	36619872
2	k'	455043
2	Yt	123373
2	0M	108607
2	üf	17408
2	av	2864744105
2	en	20307646335
2	cy	572956663
2	AK	6657927
2	Vu	2254020
2	'O	55062
2	Go	409781829
2	rd	2686160528
2	'm	58013952
2	vy	68759625
2	+3	390314
2	'5	1739325
2	PW	1172399
2	6b	1551838
2	9f	479722
2	1F	52628
2	yT	14907
2	óg	12861
2	fo	6390210326
2	>		30105564
2	xh	58233228
2	IR	31324521
2	mM	2037294
2	EM	37974297
2	и		423725
2	CQ	685354
2	5N	146894
2	Qj	53782
2	pO	53627
2	c@	29260
2	Mg	2469976
2	``	245512
2	4c	470675
2	'K	540960
2	nA	656890
2	OF	88631482
2	0F	146042
2	I6	195325
2	e1	308900
2	uA	45402
2	RO	68523844
2	//	892802
2	SX	185918
2	3O	199204
2	∞		81817
2	qp	20867
2	.S	102090846
2	B.	90830905
2	bi	1365157891
2	RU	12253233
2	2W	38185
2	hr	1194070338
2	P_	991713
2	0x	175916
2	Mq	32559
2	XK	26553
2	Q9	17358
2	cs	306517504
2	O.	23103314
2	PA	50216304
2	.N	5887829
2	.R	14905656
2	Bv	377787
2	Ud	1172558
2	3p	141480
2	hS	21296
2	d>	17227
2	fy	128642942
2	5t	13207446
2	gz	1825458
2	tS	470877
2	fG	52412
2	öm	21081
2	⁸		14062
2	ei	2594555305
2	•		134377672
2	L		167560878
2	H		101536910
2	Ke	105524313
2	L/	16604
2	wL	28397
2	z1	22946
2	áz	57760
2	a!	98006
2	Xm	213998
2	5O	125348
2	♦_	57611
2	φ		52545
2	6x	99063
2	ro	9942267879
2	T.	48653301
2	R1	508376
2	fU	45453
2	éz	31238
2	1y	17963
2	Tú	13338
2	BM	7857355
2	KA	2959604
2	B5	189077
2	GV	397812
2	ám	26323
2	SS	53292205
2	PP	17329941
2	Py	8201401
2	NV	4256269
2	GR	21724069
2	LP	5746342
2	qq	855738
2	JN	518629
2	5c	788345
2	jb	43225
2	6u	18687
2	i8	679326
2	FN	1139457
2	på	332422
2	r0	254165
2	a0	281179
2	pG	104186
2	N/	209931
2	ki	1268960699
2	df	36700737
2	p_	858005
2	vx	76983
2	fû	30551
2	Vá	21545
2	tE	76143
2	O3	1195998
2	1s	17098828
2	'3	2131315
2	eß	111172
2	pa	4033368363
2	2s	2056518
2	jh	559615
2	q0	46644
2	Σ		36327
2	sm	869270378
2	kb	12227777
2	PY	1576192
2	Rí	92511
2	Gp	86688
2	Ap	148642016
2	XS	304589
2	f'	133459
2	m1	220386
2	4P	35394
2	25	54412327412
2	11	64120334688
2	m		6151839619
2	LA	55715380
2	С_	30070
2	Y2	264112
2	0A	517017
2	QE	183081
2	Uz	1004773
2	▼		108554
2	gè	200116
2	47	19369190874
2	nG	246665
2	21	79198357324
2	ug	1812085471
2	ep	2411252389
2	Nm	126480
2	xs	876891
2	G'	67953
2	b7	15034
2	V		109028385
2	nT	111801
2	lK	13792
2	5G	24317
2	Sr	7839035
2	i0	698996
2	HG	692386
2	oL	844599
2	ao	63182112
2	V7	84904
2	Yj	30979
2	By	105588600
2	k0	59909
2	6H	88782
2	T9	43453
2	k3	39080
2	5_	58956656
2	Tx	159536
2	t5	32493
2	y8	22753
2	÷		16941
2	NG	65324035
2	UO	528817
2	S!	21003
2	iS	532023
2	úb	296105
2	så	130919
2	lX	71803
2	eI	43576
2	OH	9645213
2	Zy	306366
2	Só	15209
2	3'	185597
2	lè	588521
2	J0	103299
2	nH	79927
2	Yc	26625
2	ме	13832
2	Fi	435229990
2	Km	611571
2	9W	15079
2	/k	14120
2	ät	539825
2	Dg	28977
2	d_	3566659
2	EQ	3928806
2	f3	65927
2	1W	38759
2	ír	54282
2	si	7465446708
2	IT	78758358
2	B7	147820
2	iö	17922
2	6		971593887
2	a1	294329
2	d2	181214
2	k_	404090
2	Vb	151224
2	Mö	101287
2	éu	78796
2	.j	13722
2	BC	13635999
2	'L	649749
2	31	53378430804
2	ux	59637007
2	0:	3128113
2	JK	287994
2	M5	96230
2	3y	35679
2	ku	28149607
2	HH	928889
2	üg	66734
2	qo	62758
2	7x	31899
2	5		1192378830
2	Is	159501638
2	NO	36967377
2	PQ	472743
2	ła	32512
2	K		64174111
2	kr	23923967
2	6,	7236977
2	·		554151
2	b4	24367
2	''	15676925
2	6_	91943091
2	Ao	1270921
2	XO	425407
2	xd	70240
2	NA	74335866
2	57	50524201741
2	X3	206126
2	Uk	4281855
2	8:	2946789
2	F9	93991
2	/A	14348
2	ht	1838781386
2	C_	13670389
2	Ua	124811
2	n4	110958
2	Bx	76522
2	nz	68022906
2	2e	187797
2	M7	58149
2	Y'	82815
2	6F	27197
2	g>	13398
2	st	14199172940
2	4a	2555329
2	eR	378822
2	1v	161082
2	M'	501465
2	rf	455659196
2	CR	21856905
2	OA	8898907
2	ZS	102046
2	6L	46332
2	Ma	982540432
2	6a	2251419
2	7t	11243327
2	Q_	582750
2	Ls	904894
2	1m	240071
2	68	45741256664
2		9	23848427228
2	ou	12211361039
2	ab	3153984781
2	Ge	377682263
2	kl	143262223
2	p:	929349
2	uH	43978
2	2Z	17565
2	:1	13745580
2	T4	639408
2	'G	308088
2	uò	126875
2	Rz	53037
2	UH	490876
2	rå	69237
2	kQ	39677
2	R9	31090
2	<x	26146
2	sy	724371572
2	ER	184637960
2	F4	198021
2	½		155677
2	år	91396
2	Gv	21706
2	zä	15695
2	IW	605227
2	6l	597204
2	77	22279483559
2	A		763510424
2	cF	1219517
2	3l	522821
2	Nú	33301
2	Gi	80148332
2	EN	115206245
2	TT	17419209
2	QI	108200
2	nf	949318075
2	Ba	354333331
2	Cz	8387600
2	Qi	1929089
2	B3	395242
2	Ov	26420369
2	RD	23667503
2	B4	271645
2	1k	46647
2	ôn	36803
2	a>	16188
2	ås	13508
2	.I	3919646
2	U0	100816
2	8L	14867
2	La	397789707
2	SH	25494259
2	NW	2122130
2	Cu	101223933
2	0,	67260169
2	hw	69137351
2	CP	16020340
2	Ng	1875165
2	:2	7247509
2	Lé	157615
2	4T	135274
2	т		73337
2	8J	52617
2	a9	53795
2	tk	7383607
2	Q4	79005
2	/4	126879
2	¬		29584
2	⁷		15272
2	mf	50478529
2	★		283881
2	4x	193544
2	9/	28128
2	KQ	39183
2	Eq	30497828
2	OJ	1543027
2	ér	4535892
2	9C	82765
2	1-	88439899
2	jà	212372
2	cg	429545
2	П		38359
2	Fh	20103
2	iQ	36725
2	NE	58211073
2	mt	12114315
2	AF	12439171
2	4K	143304
2	X6	80813
2	E!	23543
2	jA	20380
2	5,	19140560
2	S2	1567738
2	Hö	68736
2	yJ	20897
2	r7	14672
2	8t	11652647
2	e3	253682
2	r>	69955
2	¨		588642
2	d0	58679
2	wq	14439
2	FL	9285132
2	G8	109973
2	E6	91716
2	XG	13091
2	53	37395869908
2	hA	136454
2	lh	23163783
2	MA	65435799
2	UA	10680228
2	Eo	2290048
2	o3	219951
2	3d	6856193
2	8_	73860243
2	1T	234628
2	2h	162192
2	0a	2380906
2	uB	503637
2	gC	277569
2	0r	199634
2	A!	37551
2	fZ	15406
2	˛		14035
2	жд	13832
2	El	135781898
2	rq	15129738
2	GE	40231795
2	Om	7157889
2	.o	303800
2	-M	160110
2	j3	80464
2	pô	87565
2	EF	18308698
2	v'	1551787
2	0H	166395
2	CZ	256695
2	Ø		15217
2	wh	4706409023
2	○		632043
2	îl	62433
2	c4	52835
2	bg	3334042
2	о		546862
2	Pc	349957
2	I'	973121
2	z_	163991
2	yL	60523
2	4O	93811
2	rj	7750774
2	Ak	6873434
2	y		22301139725
2	ph	1190136076
2	HQ	734319
2	Oz	1785633
2	xa	415859349
2	hm	180244423
2	YA	2030044
2	pè	239154
2	fJ	43969
2	[		207130050
2	C2	1663337
2	A4	599186
2	QT	437207
2	3I	137297
2	sD	76984
2	lô	22899
2	8c	1273081
2	Jt	274751
2	ép	1028549
2	E7	82763
2	N6	54267
2	tu	3527126625
2	i.	56870956
2	DF	3761735
2	4C	749373
2	TK	391094
2	J2	332911
2	Jf	153036
2	Xl	431184
2	Xr	122805
2	X7	60443
2	nm	388854948
2	Mü	326846
2	D-	13644
2	oB	450958
2	b'	74363
2	Φ		14796
2	vå	14437
2	AR	100902830
2	dz	1618809
2	èg	387180
2	Pt	4995977
2	E2	1029544
2	cH	604298
2	sM	41719
2	cC	16402540
2	2D	1098855
2	FY	993449
2	IK	1573125
2	r8	13709
2	g_	5113541
2	6t	11328840
2	OP	25476180
2	KB	924576
2	PZ	241242
2	2U	67780
2	sú	60131
2	Z1	32695
2	Po	324003458
2	sd	66346457
2	NY	12841458
2	o6	210357
2	7H	20455
2	He	916523960
2	TA	64809734
2	êv	25871
2	7X	14427
2	rn	2261574745
2	l2	2135297
2	3:	4292729
2	én	1474501
2	1i	158848
2	Pq	46960
2	pA	161740
2	Qm	45613
2	f6	40005
2	XU	362426
2	BN	6088781
2	,5	12813576
2	::	1864182
2	2i	537924
2	Ux	206977
2	W8	34696
2	Y3	27561
2	zu	25704866
2	où	676052
2	2w	36895
2	MO	27714119
2	cè	258768
2	K6	33617
2	74	21065203957
2	Bk	561007
2	hC	365846
2	lj	924798
2	oF	326179
2			120621
2	RX	211097
2	Wj	50988
2	<b	56213
2	rQ	17414
2	yz	25899712
2	DV	3532625
2	T1	673632
2	yV	312024
2	RL	11460860
2	VW	284821
2	°_	119192
2	hô	55880
2	JB	1089412
2	ZI	1140159
2	O2	4669985
2	Cn	524667
2	h		10131483264
2	My	83445218
2	-4	67803027
2	1S	737893
2	oã	50601
2	vI	44787
2	ml	55639135
2	uu	11665481
2	.p	1891074
2	Kt	205537
2	Wö	39885
2	gú	158799
2	4e	103586
2	se	12563493721
2	Tu	77105718
2	tb	35101078
2	4,	9544706
2	dk	4709590
2	BZ	126658
2	tJ	78677
2	6'	13387
2	50	28812913040
2	wj	127037
2	'r	62157739
2	|		18266315
2	C0	2053073
2	RP	8764101
2	WM	1442124
2	rM	30634
2	oU	17373
2	sr	71577265
2	NB	3061168
2	Gw	2403103
2	Jl	285670
2	gx	280965
2	4m	181719
2	N8	20503
2	17	51092269585
2	QU	11326443
2	lC	136973
2	жн	13713
2	Iv	7407567
2	Rp	1305159
2	Q2	433315
2	7k	122390
2	J1	67601
2	1P	75234
2	/d	14994
2	TH	157905871
2	W.	83469895
2	DS	23192847
2	CU	14313073
2	OV	12302161
2	hR	104035
2	Bö	14848
2	oc	2311132971
2	P'	280749
2	w_	1039931
2	5y	31683
2	ey	2037508390
2	]		209021141
2	I.	49245972
2	AG	24135265
2	ML	8524227
2	äc	203015
2	Cw	90134
2	y5	13367
2	Zo	13260410
2	hé	1258278
2	fb	834357
2	äl	415075
2	u3	35526
2	ań	34190
2	dY	17137
2	Jh	780813
2	pT	64001
2	dD	71984
2	μl	23913
2	CA	71229730
2	XM	2116348
2	B0	135791
2	0l	463453
2	d1	293968
2	5g	75819
2	U9	47236
2	pQ	21606
2	ре	13089
2	CC	17350280
2	✓		49368
2	/f	43302
2	79	44295812261
2	Re	721177699
2	IV	62647024
2	Kr	21208636
2	nR	336788
2	)		2982578981
2	Ic	8042194
2	fh	2176071
2	Hm	863692
2	Gö	152906
2	ób	26511
2	5I	172842
2	их	19941
2	f8	15402
2	.1	146348965
2	<R	15867
2	YO	9131437
2	Hs	3061300
2	OY	3108076
2	Cj	176821
2	Sz	1551576
2	9m	306387
2	:7	1103082
2	<h	67636
2	N.	56929184
2	PS	15145975
2	LK	1673953
2	dV	141199
2	E'	112052
2	о_	30298
2	bB	24559
2	WQ	18048
2	Rq	34168
2	nw	82774063
2	Lu	72350529
2	üs	187566
2	rà	41651
2	öh	170143
2	Ug	3266271
2	JT	761496
2	O0	91440
2	<e	16833
2	ni	4740108987
2	l5	1129021
2	M9	46406
2	ac	6104138276
2	Ot	67824281
2	Ab	93574262
2	Kg	504436
2	.Z	332835
2	™_	108698
2	T8	59157
2	rC	916994
2	6S	332353
2	2y	67755
2	6T	86421
2	nI	37506
2	s8	21851
2	rm	2477187237
2	br	1224676896
2	Q.	7346195
2	45	32268846901
2	Ya	30218720
2	Oy	1126577
2	mé	1821111
2	oT	295048
2	QS	339616
2	6g	43478
2	8P	14030
2	nx	37175465
2	kp	9744731
2	2j	90213
2	ró	122546
2	Cq	24528
2	%		136321095
2	TM	10375451
2	jk	1058502
2	úl	126512
2	eN	133653
2	rF	51738
2	cm	26867255
2	Og	3557438
2	Rü	14300
2	TU	25552543
2	eF	191257
2	8j	25368
2	Tw	60008099
2	wb	15147909
2	PD	7289415
2	FP	2889791
2	vs	15181943
2	mê	1276117
2	zG	263584
2	2I	156708
2	jL	21852
2	SC	30785300
2	NS	54713963
2	8b	1400076
2	Zf	15769
2	lo	5097707986
2	Su	325763145
2	kw	28924058
2	fj	592301
2	Iw	718791
2	lG	301653
2	âc	120925
2	3		1159783029
2	IQ	3022435
2	rü	441702
2	fH	34218
2	mi	4143564087
2	rP	833642
2	èc	777052
2	i2	700515
2	Fq	16206
2	91	46984466444
2	2.	104574350
2	wp	9623740
2	.W	8508903
2	VB	1121901
2	KN	3821340
2	xj	86979
2	oM	109540
2	dq	9896004
2	3a	2774257
2	Cg	78860
2	n/	49169
2	ws	494099355
2	Ky	5259830
2	E3	268512
2	rô	226057
2	Zp	21327
2	pe	6426226442
2	EB	4824092
2	HK	925724
2	oD	307174
2	DP	10247698
2	,2	9030987
2	2o	1759578
2	să	14854
2	vê	13828
2	^		62669444
2	X		67158928
2	eM	666251
2	.y	126685
2	.l	1291256
2	8-	63093854
2	mv	2472541
2	lä	340112
2	ck	1685711267
2	Np	103501
2	vé	731644
2	rX	16121
2	I1	686992
2	Qw	67912
2	pá	13329
2	xc	373076074
2	Et	31857904
2	PX	321684
2	JQ	56615
2	qi	3093941
2	n7	49787
2	ZD	91797
2	но	27293
2	ar	14914186509
2	SV	2438990
2	Pn	1138044
2	Nt	209599
2	tü	170080
2	8k	38407
2	'9	2034238
2	.b	397136
2	Ló	112696
2	FR	19876075
2	WR	3439124
2	1L	99543
2	U8	50930
2	59	35659370757
2	C4	662403
2	2J	237430
2	8G	13293
2	I		2115048523
2	Ch	780183565
2	D'	4231758
2	SB	9174705
2	3t	3215782
2	Ml	1617686
2	на	111644
2	0Z	26609
2	pt	1471050594
2	Hz	5128758
2	W3	238499
2	СО	16169
2	dn	91939264
2	KX	24311
2	aë	34481
2	Br	370187827
2	__	134784282
2	pk	10433344
2	Tv	377901
2	tL	112231
2	'l	67101357
2	3H	726076
2	js	501540
2	S8	127199
2	YG	283138
2	Mx	86786
2	®_	31944
2	Kh	15789916
2	cK	7146797
2	Iu	384528
2	Fz	23478
2	vj	105720
2	⁹		13290
2	S.	199660062
2	0s	63257949
2	C3	1090716
2	4d	384298
2	Fé	138316
2	FZ	37131
2	hx	57297
2	gó	59485
2	Ct	5368833
2	U5	71817
2	Wg	32595
2	va	1879817135
2	nb	67675314
2	™		3027383
2	tA	207878
2	6D	46281
2	on	24478506194
2	aß	987457
2	TF	2430820
2	2k	221624
2	1H	178813
2	øb	14715
2	is	15799160520
2	íl	20355
2	Q8	19775
2	LC	8241478
2	Iz	1601544
2	Qt	171622
2	Ys	307863
2	<E	46003
2	M.	132839304
2	uß	331522
2	dX	34307
2	Vl	2810555
2	'a	8158302
2	XT	3926615
2	Nb	329206
2	âg	107681
2	X8	61094
2	,0	134891602
2	.7	53044519
2	LU	16083230
2	là	421675
2	5'	297488
2	aF	527787
2	Tä	35297
2	p7	90794
2	hU	37379
2	nN	57813
2	de	10323524032
2	ri	10158477869
2	dB	1991895
2	0T	88164
2	aw	841725604
2	Ld	244683
2	e2	491893
2	tT	193283
2	Dp	81354
2	18	35438299489
2	Bu	542529785
2	te	16787691626
2	yr	115108486
2	I9	2615037
2	5b	1543335
2	1G	118589
2	O5	92792
2	üt	19424
2	PE	45121193
2	M2	799580
2	yx	2464024
2	A7	225648
2	fé	1108042
2	YD	857345
2	O!	114229
2	29	44481437724
2	Wr	34059278
2	mc	4992576
2	8m	396648
2	ál	180709
2	4p	154440
2	xé	98966
2	ág	30013
2	Có	93610
2	pf	18342206
2	gD	74108
2	xM	24974
2	På	21469
2	zr	2530710
2	9B	123554
2	Vv	67235
2	ZK	30468
2	ξ		14012
2	y7	13696
2	7		921550702
2	Cc	314184
2	fí	112740
2	Z6	13371
2	30	39660519291
2	FK	552523
2	N3	131750
2	❑		48949
2	XJ	25994
2	lw	179805877
2	iy	5850389
2	pj	548138
2	S6	216268
2	rá	312470
2	U4	31287
2	q3	19617
2	ád	16348
2	bs	639615123
2	bT	72570
2	Ox	30042534
2	Tl	2167359
2	XH	895950
2	Ht	250118
2	mO	61887
2	dH	85505
2	f5	21690
2	jü	18833
2	Mu	142473016
2	nq	85136492
2	sT	26131
2	Aq	5244417
2	-0	8584910
2	NQ	475619
2	rg	1420751823
2	tc	411495596
2	KR	657114
2	dè	280830
2	+8	83326
2	zT	64161
2	kO	77417
2	aQ	25864
2	tP	346290
2	Wk	106988
2	K7	17090
2	6z	14105
2	R-	13663
2	XC	1787241
2	To	343888588
2	xu	66875966
2	nh	156777867
2	VS	1760266
2	rR	386540
2	Hh	38263
2	98	44306597058
2	PU	13723069
2	3i	292051
2	wä	411076
2	án	528006
2	S/	65290
2	ë		63022
2	W4	31933
2	Nj	116196
2	μ		68858
2	HZ	76082
2	ke	2935782656
2	8.	42411696
2	Fc	781211
2	bf	1649385
2	Xt	357990
2	7c	293491
2			80702
2	ló	39560
2	х		19941
2	Gq	17905
2	Bw	78634
2	'é	199658
2	0v	21519
2	zf	303845
2	DQ	208728
2	►_	47990
2	4U	15490
2	Mr	195722262
2	DD	7698812
2	YL	1824996
2	Kj	260954
2	IL	40847619
2	I0	647540
2	9x	123570
2			55914
2	qu	1992990273
2	LD	16985786
2	‡		110521
2	Ij	218219
2	iI	65519
2	-f	19106
2	за	18465
2	ся	14092
2	we	4591730848
2	GM	5553493
2	,8	3457696
2	Hô	69371
2	tV	106222
2	và	28608
2	Uc	405419
2	ut	5707707683
2	LY	11039486
2	üc	250383
2	kS	15221
2	IN	168510809
2	yg	38087951
2	1n	2622561
2	bí	164828
2	Dé	118164
2	♥		14012
2	s_	1412518
2	5e	109163
2	UX	435371
2			50574
2	<J	38144
2	7M	29094
2	Dw	3586996
2	CW	1497601
2	L1	339418
2	ée	2759657
2	WV	218960
2	hz	198538
2	YJ	22103
2	c6	33964
2	dg	437843141
2	VD	2650766
2	K1	180607
2	QQ	56318
2	kd	8690997
2	FB	3784107
2	kV	592246
2	FG	917804
2	➝		12857
2	lt	1744230173
2	y_	1331595
2	KY	799337
2	Tü	149488
2	uæ	25798
2	pn	14663213
2	-J	160243
2	nä	210438
2	hG	48533
2	/_	35451
2	I3	468335
2	lV	426528
2	FV	266021
2	2T	276164
2	tê	98259
2	p		1896070909
2	ox	237943756
2	GD	5741119
2	má	917992
2	Zr	305187
2	FJ	227585
2	Zb	250939
2	yC	94374
2	5V	74722
2	wv	64457
2	Lw	119802
2	7J	68591
2	62	55623793748
2	r6	420232
2	ry	3480730222
2	ff	2072000858
2	Aj	1484216
2	nM	366802
2	kC	21690
2	œc	13654
2	#		13405701
2	PK	1500089
2	5o	936450
2	d6	91356
2	CO	92975248
2	Pj	173954
2	yI	14541
2	fr	2570882418
2	pw	16452539
2	cM	3298026
2	vB	18583
2	01	17103704279
2	No	579884033
2	1M	330102
2	fA	50608
2	?		680499816
2	1.	117173198
2	3c	476511
2	6c	410268
2	xL	39833
2	ay	3065724442
2	ns	7191234881
2	aV	240623
2	2/	29036
2	UZ	351207
2	˙		33336
2	Т		14558
2	ha	12713709018
2	TL	8079539
2	év	1182856
2	uM	277950
2	2p	303641
2	v6	215473
2	v4	139399
2	:		1625935166
2	Av	36497452
2	eC	449000
2	aI	50449
2	jd	621539
2	uW	52348
2	7I	23799
2	fX	13504
2	hq	5218686
2	Zu	7879971
2	GG	1936001
2	Cé	111760
2	DB	4237795
2	D5	392018
2	U3	78845
2	5P	14878
2	IB	16713604
2	vl	2778647
2	VG	486435
2	oß	197031
2	po	4790289515
2	L.	79065961
2	Da	245943343
2	:5	1878790
2	yR	191590
2	XW	62790
2	â		90005
2	U6	66921
2	0C	218014
2	jO	41518
2	7K	35362
2	15	56813319075
2	mo	4322682606
2	um	1971945884
2	Mb	1149734
2	uñ	40109
2	md	4185951
2	Bc	272116
2	As	395817758
2	hu	931539044
2	zh	5538495
2	hp	6222061
2	i6	419570
2	éx	506326
2	H8	40519
2	rç	13838
2	&		145992143
2	Cp	736896
2	a_	855877
2	&&	82487
2	KG	1600878
2	×		549776
2	xD	13830
2	Ev	145960625
2	MY	3978014
2	7b	1418813
2	8x	91079
2	pu	1354156496
2	5:	3627283
2	1J	158882
2	Dk	56711
2	vL	30537
2	wö	18913
2	Ty	32189872
2	D3	615915
2	cá	40054
2	şt	19381
2	ô		18796
2	d.	48911774
2	Tk	216843
2	Vg	193293
2	Vx	97189
2	Xn	92889
2	Yg	36590
2	RS	41681450
2	✦		52456
2	of	16382373996
2	A.	165012382
2	Ir	80062806
2	H2	3804918
2	p1	224271
2	ém	1271606
2	ª		104794
2	BQ	112547
2	p.	295207703
2	ån	69237
2	¹		52358
2	ZL	190317
2	q1	26211
2	VN	593771
2	Be	419882310
2	Ex	172540830
2	OI	7766972
2	Ee	1711522
2	zd	1082976
2	äi	101349
2	Ag	100236047
2	Va	109687620
2	TR	49997809
2	eV	4053903
2	¯		468480
2	æm	13063
2	xo	39462246
2	EX	21940491
2	hh	7898696
2	NN	9471169
2	EK	1935075
2	A8	182416
2	èn	298806
2	hü	23459
2	wi	4926347367
2	LM	4217509
2	WC	1776082
2	gp	2654754
2	7A	342319
2	s3	59680
2	Uo	61552
2	Nv	34830
2	J8	22073
2	0h	76968
2	cZ	83523
2	ZY	159472
2	Jé	33536
2	y6	16329
2	Z		10993914
2	с		226895
2	pú	243025
2	Rr	79411
2	fá	19328
2	9j	16197
2	MG	2560534
2	к		108349
2	iò	89821
2		2	126329053964
2	db	36006985
2	RH	2491191
2	5A	473701
2	Vd	172486
2			67700
2	PB	3214983
2	D4	809917
2	BW	617455
2	Dx	63279
2	K4	46585
2	Z8	32522
2	3Q	13380
2	R2	1357037
2	XR	333948
2	iB	157890
2	qc	31705
2	pâ	27753
2	aC	2086357
2	Xk	40319
2	WB	1311195
2	6j	47974
2	η		30362
2	sö	27649
2	wr	398878134
2	xe	305049366
2	'C	3552452
2	YH	386106
2	Tf	220920
2	aN	351158
2	pv	214338
2	Hn	73555
2	YB	326650
2	tâ	43108
2	sI	13703
2	fu	1269656839
2	sl	762012229
2	'b	275391
2	V8	108885
2	IP	20605426
2	HP	3377564
2	В		259289
2	mC	115412
2	kA	104183
2	vA	35619
2	eg	1658574835
2	kh	36080354
2	EA	55343463
2	2b	2065165
2	8		926360814
2	o!	295969
2	eó	88468
2	0i	144944
2	İs	14767
2	hd	36035515
2	'N	2115783
2	7a	2182094
2	éa	691131
2	0X	382305
2	lP	99102
2	mb	1280694889
2	tg	27823353
2	9a	2115471
2	L3	238345
2	öc	66258
2	Jm	38024
2	U.	103199780
2	2O	1579637
2	66	21008578236
2	MT	5223875
2	Hw	665302
2	tó	266367
2	ln	85413651
2	cI	590286
2	t1	260898
2	Yb	132901
2	g0	56712
2	rö	224919
2	T/	15003
2	Cl	189903465
2	GO	13484991
2	A9	188707
2	ís	328678
2	Gg	35219
2	AB	34000494
2	kv	1401448
2	s2	341606
2	Qp	37774
2	as	11921754022
2	1p	120369
2	Öf	15072
2	SO	38853151
2	kc	2758962
2	bL	61312
2	ñe	28352
2	SR	11841195
2	OL	40346955
2	qv	400168
2	mí	202618
2	ur	7645366704
2	Ol	51936927
2	LS	15714530
2	49	48051204188
2	US	54664869
2	œu	249778
2	O1	109870
2	vR	20050
2	Oi	9112184
2	fn	5389288
2	5j	39007
2	uo	154035996
2	x0	158063
2	0j	23674
2	Kø	14715
2	lu	1849282289
2	mz	274401
2	❏		15661
2	Sa	334259315
2	Qu	110234462
2	RF	5930857
2	A_	1527521
2	Rk	58293
2	y>	19354
2	oe	547435773
2	Ri	174643119
2	L7	48696
2	87	32413304960
2	sC	105644
2	-H	96378
2	Lz	21682
2	X'	13264
2	cD	8108883
2	Ez	3511845
2	x1	420670
2	xP	75375
2	;)	558694
2	gA	525766
2	hö	285900
2	FT	10094028
2	до	18883
2	nV	34828
2	We	505964953
2	'y	641936
2	dQ	58801
2	7T	112348
2	pP	18759
2	x_	2363950
2	eO	302111
2	m6	88708
2	oh	259948205
2	c;	32755
2	gi	2077648427
2	J.	172566690
2	lg	88699833
2	FF	10746065
2	Jn	829484
2	⇒		26349
2	Æ		14153
2	bê	12843
2	cl	1918530960
2	sb	108906342
2	qs	1765122
2	tq	829521
2	.V	2724934
2	hE	364442
2	lS	327504
2	1h	78441
2	Sh	384006448
2	iw	9179811
2	hv	3537091
2	v_	2872090
2	.G	5513472
2	HV	610153
2	-P	175123
2	e4	52516
2	у		44964
2	sP	43142
2	uD	14998
2	wU	13177
2	Jü	67021
2	hn	364299145
2	l'	19774900
2	S4	357315
2	Vp	222337
2	Fä	118848
2	A/	51762
2	6G	27535
2	C.	131584446
2	vp	521092
2	≥		75126
2	dü	63125
2	åd	15584
2	-		4077365472
2	UC	19232553
2	KI	7682044
2	g2	355847
2	3E	79669
2	ка	35166
2	'_	17127
2	UR	57184131
2	rW	39837
2	P/	14546
2	мо	13713
2	Rw	934532
2	yS	338319
2	3x	222560
2	_l	26832
2	s7	21032
2	Gy	5276956
2	MJ	1232875
2	lO	820816
2	l/	116958
2	f4	24765
2	fW	17748
2	êq	13828
2	hc	13566267
2	cL	5102875
2	2'	105208
2	äf	55496
2	Pr	680187709
2	Vi	181165852
2	.8	50051840
2	B1	1197361
2	QR	727632
2	oE	276113
2	eç	70355
2	от	44139
2	R_	7810010
2	UE	14853435
2	Bd	1176000
2	'4	1973485
2	6A	436425
2	Xs	154387
2	PJ	665007
2	nú	98051
2	fv	179408
2	●_	14562
2	HR	12499481
2	Sk	19105964
2	.u	246457
2	w.	2454146
2	é		9946051
2	pJ	99703
2	QV	51059
2	1		1624898149
2	do	2442872134
2	ja	93330506
2	kö	476260
2	Jo	332152124
2	dt	39824825
2	SQ	3896583
2	BF	1218642
2	c3	61520
2	èt	234764
2	s5	27654
2	xp	939463899
2	p'	580003
2	P9	43953
2	rl	1219837899
2	M1	499898
2	Gé	171272
2	às	20165
2	LX	2798868
2	Vy	973758
2	2C	546530
2	Ar	318230381
2	uk	58436366
2	oS	1034171
2	qn	908012
2	◦		155136
2	Vh	261538
2	4L	25361
2	na	4644551347
2	wm	12535654
2	xm	1280755
2	Wl	562403
2	2F	120856
2	K5	85017
2	ZJ	23098
2	-l	16141
2	tz	64349155
2	MP	30045691
2	RC	23514636
2	QC	579924
2	kó	34533
2	Я		20068
2	81	30621053339
2	j'	477759
2	sk	551897884
2	OM	45072655
2	B'	232654
2	Lf	51691
2	e		74841293337
2	Eu	128421031
2	ZA	3388491
2	RW	1611931
2	N_	2794287
2	YT	1280471
2	bA	56307
2	iA	200011
2	sì	123055
2	3L	35624
2	.w	54387
2	‰		24161
2	lv	493369928
2	dE	236850
2	Fx	109131
2	an	27412362230
2	'e	9064635
2	F5	157765
2	g6	63180
2	-R	28159
2	DO	19397817
2	dP	560330
2	eX	326209
2	Bn	294274
2	éc	2718573
2	B9	73436
2	aP	286575
2	0g	172404
2	og	1340055470
2	M		128788407
2	Ps	43489297
2	WN	3432296
2	bF	66301
2	5F	54205
2	uJ	20611
2	VE	47336120
2	2A	996229
2	WJ	378215
2	»_	301354
2	1c	860836
2	1V	159948
2	Vw	28663
2	08	24098247857
2	Cm	826561
2	g'	458889
2	.i	464693
2	Kö	189342
2	sp	2493283231
2	MS	28672764
2	bc	14995040
2	uP	495024
2	KF	384501
2	Q0	68529
2	+_	17288
2	M!	13812
2	26	43228502937
2	oo	2970886265
2	£		32006208
2	wu	6708659
2	IF	17030299
2	kD	614965
2	GW	639936
2	S0	1217176
2	dT	352142
2	1I	343168
2	Yh	94118
2	x8	97929
2	củ	29424
2	bC	62546
2	oO	78758
2	.9	47019425
2	Hc	120605
2	pD	37014
2	5a	2498797
2	eH	332938
2	ó		199071
2	Yz	15224
2	zH	14518
2	jé	12993
2	Vj	131293
2	8V	50759
2	De	511711462
2	Hb	453447
2	yP	59081
2	Dz	193030
2	4F	57145
2	ví	48802
2	jE	59615
2	rt	5107514771
2	ih	29942235
2	v2	271625
2	2v	71714
2	Éc	55285
2	m4	26034
2	c1	96654
2	_i	54101
2	⁴		20078
2	39	46447651548
2	GN	8565333
2	➤		68143
2	♦		3215012
2	cW	417532
2	Js	200354
2	óp	112696
2	Cv	106776
2	ак	57004
2	fC	42628
2	nv	734176333
2	Us	53096155
2	0-	78108873
2	BH	1164001
2	a4	64759
2	y3	51021
2	2V	320382
2	la	7104196577
2	'h	507008
2	;/	158151
2	7d	102976
2	oé	100229
2	g1	81280
2	ty	3168077517
2	gg	354660375
2	x.	4320809
2	bp	5115302
2	Q5	39543
2	CN	5573500
2	YR	1085346
2	Jg	54841
2	iñ	131407
2	må	38743
2	Qy	20756
2	07	17366549387
2	gn	926672960
2	UD	9615822
2	c2	470841
2	же	39087
2	99	22277100495
2	gB	220642
2	jS	51178
2	5T	110155
2	9r	15869
2	rv	977383790
2	T5	103838
2	t3	243690
2	6h	57167
2	äv	30916
2	<B	24264
2	55	27955055958
2	Bo	308423433
2	wy	27593377
2	èl	214975
2	4r	38015
2	O'	14739724
2	Tj	195020
2	yb	63080429
2	ME	71107399
2	fü	2478939
2	tú	46837
2	Fa	190360756
2	EP	22604161
2	MK	507868
2	äh	486358
2	5f	554181
2	Sé	67483
2	wd	50143875
2	Gl	48409301
2	gr	2471008935
2	ct	6469893071
2	gy	359833395
2	gM	504956
2	.k	213138
2	3k	64935
2	d5	21375
2	/		322048910
2	lf	759260127
2	ia	4070121203
2	qj	26594
2	dy	701347990
2	ET	41801502
2	äg	140871
2	sH	13710
2	Na	265764604
2	ID	31535322
2	OW	19909751
2	Yp	411450
2	Fj	274583
2	чт	57737
2	Lä	114464
2	gs	726120437
2	bn	24439921
2	H4	828742
2	mö	267262
2	nE	108856
2	ED	50995775
2	Mk	455743
2	4o	645806
2			44864
2	Nx	40158
2	v8	13824
2	er	28958550507
2	μg	108318
2	o8	188772
2	4R	28095
2	y2	280644
2	¸		59872
2	RZ	99209
2	z'	92485
2	em	5195443827
2	fk	1329940
2	3N	131750
2	xw	3278310
2	AY	14036331
2	ôl	226057
2	0G	16729
2	Pi	94147558
2	vn	2380393
2	:/	1280394
2	ρ		41319
2	V.	29760019
2	mg	14061000
2	ww	3819253
2	n9	49409
2	48	42832792433
2	tt	2429189860
2	1r	269326
2	hO	15330
2	27	64989171155
2	cb	1697865
2	UF	2357755
2	б		16283
2	Th	4555568431
2	aj	168895662
2	jo	426258463
2	iD	94703
2	cé	442264
2	Uy	147461
2	äu	70919
2	uè	55345
2	su	4073824431
2	nr	127855251
2	yn	195469041
2	GS	7142331
2	bH	502912
2	3M	293432
2	Sã	207660
2	rG	355196
2	FX	197878
2	61	29240546917
2	5-	73767283
2	«_	314929
2	M4	150906
2	u1	43519
2	6.	54972298
2	râ	77817
2	Z7	14689
2	lö	39633
2	im	4424936984
2	9		871599439
2	IC	77433686
2	u.	2270169
2	b2	196024
2	Fy	639368
2	VU	239085
2	Wn	171827
2	1Q	70092
2	▶		21471
2	K9	16403
2	Lü	16192
2	52	62487436424
2	HS	5470255
2	9o	1013296
2	Lc	144945
2	9M	42251
2	Ô		18881
2	TI	133798980
2	JP	1886836
2	Cæ	85522
2	Jv	22023
2	яе	14092
2	so	5034484937
2	ru	1689172346
2	tm	367625431
2	l3	1128401
2	Yu	13682412
2	'à	312565
2	UQ	23908
2	SL	8126930
2	¿		723040
2	XY	955344
2	7j	30683
2	t8	39106
2	FO	36411499
2	wc	8573945
2	,6	4095808
2	jc	373568
2	ßl	56137
2	65	27958638841
2	pE	23795
2	wl	213860328
2	<j	122664
2	qe	86761
2	5H	95062
2	be	7742565490
2	BE	25976375
2	K'	336673
2	fS	135449
2	gl	821665830
2	F6	208756
2	4f	568085
2	.n	209514
2	._	8657087
2	.d	4843151
2	Vn	147095
2	Xx	51895
2	ñí	44341
2	О_	24096
2	Cf	7778987
2	1t	3159452
2	NU	9429068
2	,1	6579569
2	tO	278259
2	N4	169087
2	Fw	38288
2	Mê	26521
2	n-	20863
2	60	21638194330
2	2,	20258093
2	HC	6226784
2	Px	134473
2	➢		27464
2	è		1187707
2	Sg	675032
2	cv	498302
2	D7	75765
2	0Y	58964
2	kH	871297
2	β		282701
2	Yx	13057
2	1:	7310913
2	i1	353791
2	qr	252398
2	G0	98479
2	Oc	69106377
2	KE	12691129
2	rB	135572
2	5R	19019
2	wn	1115260405
2	iE	221482
2	=_	43612
2	za	351512522
2	JH	731603
2	LV	4598757
2	w'	873624
2	R>	39862
2	ak	1486088511
2	TS	35817860
2	êm	1373472
2	B6	384194
2	uL	240186
2	bS	167737
2	mW	219429
2	Mv	112826
2	6v	25746
2	Hi	353067204
2	V4	537794
2	P4	478983
2	ä		118363
2	xz	36894
2	V9	19951
2	he	42387090006
2	FE	23476847
2	Ts	8121812
2	JC	1687738
2	D2	962031
2	cB	874964
2	nC	326214
2	4n	875316
2	D6	140760
2	Cá	71470
2	-D	36964
2	mä	30873
2	j.	2418940
2	a3	357600
2	kT	366244
2	-L	114926
2	1U	63051
2	x6	89635
2	sc	1939121436
2	yc	196666591
2	-3	90417145
2	.E	12239978
2	QM	523399
2	Lj	297405
2	I!	167350
2	0D	63210
2	q4	14810
2	m5	12916
2	Bp	291116
2	è_	22524
2	üd	32784
2	oa	803352808
2	Wa	316918570
2	S_	6479279
2	Tt	381357
2	XF	445522
2	QB	242016
2	nF	64222
2	ël	61350
2	'B	2382078
2	Xa	1529365
2	7n	857650
2	8F	74920
2	²		45732
2	5r	37271
2	ím	14913
2	Pb	1024117
2	F3	345331
2	V0	247357
2	í		648306
2	θ		74726
2	i!	51188
2	N5	49713
2	─		13788
2	'2	2732829
2	n2	732355
2	eW	533622
2	ös	184499
2	Mä	79993
2	09	22920805127
2	il	6091300030
2	P3	911597
2	H0	356624
2	Δ		27578
2	bX	45036
2	r5	20590
2	t.	95751995
2	zo	94974856
2	'n	1642539
2	rú	98585
2	ós	49592
2	iá	33529
2	ca	6964680123
2	zl	18647094
2	J/	29744
2	Л		54920
2	_o	25664
2	B!	16951
2	ul	4894320876
2	ix	300464912
2	AP	66602097
2	fg	7167875
2	p2	648237
2	tN	202911
2	Wv	15589
2	Ki	133061796
2	VT	1471924
2	ª_	14109
2	ch	7702170720
2	Ne	465269155
2	cE	810671
2	YI	1227460
2	j0	24324
2	aa	29574664
2	MM	15152023
2	OG	13339023
2	:3	6742063
2	8T	84142
2	fê	40369
2	9F	54927
2	üß	13575
